treatment,treatment_descr,vax12_type,matched,vax3_date,n,cumuln
moderna,mRNA-1273,az-az,matched,2021-09-16,0,0
moderna,mRNA-1273,az-az,matched,2021-09-17,0,0
moderna,mRNA-1273,az-az,matched,2021-09-18,0,0
moderna,mRNA-1273,az-az,matched,2021-09-19,0,0
moderna,mRNA-1273,az-az,matched,2021-09-20,0,0
moderna,mRNA-1273,az-az,matched,2021-09-21,0,0
moderna,mRNA-1273,az-az,matched,2021-09-22,0,0
moderna,mRNA-1273,az-az,matched,2021-09-23,0,0
moderna,mRNA-1273,az-az,matched,2021-09-24,0,0
moderna,mRNA-1273,az-az,matched,2021-09-25,0,0
moderna,mRNA-1273,az-az,matched,2021-09-26,0,0
moderna,mRNA-1273,az-az,matched,2021-09-27,0,0
moderna,mRNA-1273,az-az,matched,2021-09-28,0,0
moderna,mRNA-1273,az-az,matched,2021-09-29,0,0
moderna,mRNA-1273,az-az,matched,2021-09-30,0,0
moderna,mRNA-1273,az-az,matched,2021-10-01,0,0
moderna,mRNA-1273,az-az,matched,2021-10-02,0,0
moderna,mRNA-1273,az-az,matched,2021-10-03,0,0
moderna,mRNA-1273,az-az,matched,2021-10-04,0,0
moderna,mRNA-1273,az-az,matched,2021-10-05,0,0
moderna,mRNA-1273,az-az,matched,2021-10-06,0,0
moderna,mRNA-1273,az-az,matched,2021-10-07,0,0
moderna,mRNA-1273,az-az,matched,2021-10-08,0,0
moderna,mRNA-1273,az-az,matched,2021-10-09,0,0
moderna,mRNA-1273,az-az,matched,2021-10-10,0,0
moderna,mRNA-1273,az-az,matched,2021-10-11,0,0
moderna,mRNA-1273,az-az,matched,2021-10-12,0,0
moderna,mRNA-1273,az-az,matched,2021-10-13,0,0
moderna,mRNA-1273,az-az,matched,2021-10-14,0,0
moderna,mRNA-1273,az-az,matched,2021-10-15,0,0
moderna,mRNA-1273,az-az,matched,2021-10-16,0,0
moderna,mRNA-1273,az-az,matched,2021-10-17,0,0
moderna,mRNA-1273,az-az,matched,2021-10-18,0,0
moderna,mRNA-1273,az-az,matched,2021-10-19,0,0
moderna,mRNA-1273,az-az,matched,2021-10-20,0,0
moderna,mRNA-1273,az-az,matched,2021-10-21,0,0
moderna,mRNA-1273,az-az,matched,2021-10-22,0,0
moderna,mRNA-1273,az-az,matched,2021-10-23,0,0
moderna,mRNA-1273,az-az,matched,2021-10-24,0,0
moderna,mRNA-1273,az-az,matched,2021-10-25,0,0
moderna,mRNA-1273,az-az,matched,2021-10-26,0,0
moderna,mRNA-1273,az-az,matched,2021-10-27,0,0
moderna,mRNA-1273,az-az,matched,2021-10-28,0,0
moderna,mRNA-1273,az-az,matched,2021-10-29,804,804
moderna,mRNA-1273,az-az,matched,2021-10-30,990,1794
moderna,mRNA-1273,az-az,matched,2021-10-31,846,2640
moderna,mRNA-1273,az-az,matched,2021-11-01,1278,3918
moderna,mRNA-1273,az-az,matched,2021-11-02,1836,5754
moderna,mRNA-1273,az-az,matched,2021-11-03,2724,8478
moderna,mRNA-1273,az-az,matched,2021-11-04,3438,11916
moderna,mRNA-1273,az-az,matched,2021-11-05,3888,15804
moderna,mRNA-1273,az-az,matched,2021-11-06,3912,19716
moderna,mRNA-1273,az-az,matched,2021-11-07,3006,22722
moderna,mRNA-1273,az-az,matched,2021-11-08,4530,27252
moderna,mRNA-1273,az-az,matched,2021-11-09,6396,33648
moderna,mRNA-1273,az-az,matched,2021-11-10,8028,41676
moderna,mRNA-1273,az-az,matched,2021-11-11,11532,53208
moderna,mRNA-1273,az-az,matched,2021-11-12,10788,63996
moderna,mRNA-1273,az-az,matched,2021-11-13,8856,72852
moderna,mRNA-1273,az-az,matched,2021-11-14,7674,80526
moderna,mRNA-1273,az-az,matched,2021-11-15,13482,94008
moderna,mRNA-1273,az-az,matched,2021-11-16,13356,107364
moderna,mRNA-1273,az-az,matched,2021-11-17,15678,123042
moderna,mRNA-1273,az-az,matched,2021-11-18,19152,142194
moderna,mRNA-1273,az-az,matched,2021-11-19,23022,165216
moderna,mRNA-1273,az-az,matched,2021-11-20,19692,184908
moderna,mRNA-1273,az-az,matched,2021-11-21,17142,202050
moderna,mRNA-1273,az-az,matched,2021-11-22,23604,225654
moderna,mRNA-1273,az-az,matched,2021-11-23,24696,250350
moderna,mRNA-1273,az-az,matched,2021-11-24,27990,278340
moderna,mRNA-1273,az-az,matched,2021-11-25,31932,310272
moderna,mRNA-1273,az-az,matched,2021-11-26,35340,345612
moderna,mRNA-1273,az-az,matched,2021-11-27,30924,376536
moderna,mRNA-1273,az-az,matched,2021-11-28,26982,403518
moderna,mRNA-1273,az-az,matched,2021-11-29,29874,433392
moderna,mRNA-1273,az-az,matched,2021-11-30,34896,468288
moderna,mRNA-1273,az-az,matched,2021-12-01,37140,505428
moderna,mRNA-1273,az-az,matched,2021-12-02,40422,545850
moderna,mRNA-1273,az-az,matched,2021-12-03,39084,584934
moderna,mRNA-1273,az-az,matched,2021-12-04,43284,628218
moderna,mRNA-1273,az-az,matched,2021-12-05,29328,657546
moderna,mRNA-1273,az-az,matched,2021-12-06,33246,690792
moderna,mRNA-1273,az-az,matched,2021-12-07,38088,728880
moderna,mRNA-1273,az-az,matched,2021-12-08,38154,767034
moderna,mRNA-1273,az-az,matched,2021-12-09,43254,810288
moderna,mRNA-1273,az-az,matched,2021-12-10,45990,856278
moderna,mRNA-1273,az-az,matched,2021-12-11,52890,909168
moderna,mRNA-1273,az-az,matched,2021-12-12,41136,950304
moderna,mRNA-1273,az-az,matched,2021-12-13,51612,1001916
moderna,mRNA-1273,az-az,matched,2021-12-14,52410,1054326
moderna,mRNA-1273,az-az,matched,2021-12-15,0,1054326
moderna,mRNA-1273,az-az,matched,2021-12-16,0,1054326
moderna,mRNA-1273,az-az,matched,2021-12-17,0,1054326
moderna,mRNA-1273,az-az,matched,2021-12-18,0,1054326
moderna,mRNA-1273,az-az,matched,2021-12-19,0,1054326
moderna,mRNA-1273,az-az,matched,2021-12-20,0,1054326
moderna,mRNA-1273,az-az,matched,2021-12-21,0,1054326
moderna,mRNA-1273,az-az,matched,2021-12-22,0,1054326
moderna,mRNA-1273,az-az,matched,2021-12-23,0,1054326
moderna,mRNA-1273,az-az,matched,2021-12-24,0,1054326
moderna,mRNA-1273,az-az,matched,2021-12-25,0,1054326
moderna,mRNA-1273,az-az,matched,2021-12-26,0,1054326
moderna,mRNA-1273,az-az,matched,2021-12-27,0,1054326
moderna,mRNA-1273,az-az,matched,2021-12-28,0,1054326
moderna,mRNA-1273,az-az,matched,2021-12-29,0,1054326
moderna,mRNA-1273,az-az,matched,2021-12-30,0,1054326
moderna,mRNA-1273,az-az,matched,2021-12-31,0,1054326
moderna,mRNA-1273,az-az,matched,2022-01-01,0,1054326
moderna,mRNA-1273,az-az,matched,2022-01-02,0,1054326
moderna,mRNA-1273,az-az,matched,2022-01-03,0,1054326
moderna,mRNA-1273,az-az,matched,2022-01-04,0,1054326
moderna,mRNA-1273,az-az,matched,2022-01-05,0,1054326
moderna,mRNA-1273,az-az,matched,2022-01-06,0,1054326
moderna,mRNA-1273,az-az,matched,2022-01-07,0,1054326
moderna,mRNA-1273,az-az,matched,2022-01-08,0,1054326
moderna,mRNA-1273,az-az,matched,2022-01-09,0,1054326
moderna,mRNA-1273,az-az,matched,2022-01-10,0,1054326
moderna,mRNA-1273,az-az,matched,2022-01-11,0,1054326
moderna,mRNA-1273,az-az,matched,2022-01-12,0,1054326
moderna,mRNA-1273,az-az,matched,2022-01-13,0,1054326
moderna,mRNA-1273,az-az,matched,2022-01-14,0,1054326
moderna,mRNA-1273,az-az,matched,2022-01-15,0,1054326
moderna,mRNA-1273,az-az,matched,2022-01-16,0,1054326
moderna,mRNA-1273,az-az,matched,2022-01-17,0,1054326
moderna,mRNA-1273,az-az,matched,2022-01-18,0,1054326
moderna,mRNA-1273,az-az,matched,2022-01-19,0,1054326
moderna,mRNA-1273,az-az,matched,2022-01-20,0,1054326
moderna,mRNA-1273,az-az,matched,2022-01-21,0,1054326
moderna,mRNA-1273,az-az,matched,2022-01-22,0,1054326
moderna,mRNA-1273,az-az,matched,2022-01-23,0,1054326
moderna,mRNA-1273,az-az,matched,2022-01-24,0,1054326
moderna,mRNA-1273,az-az,matched,2022-01-25,0,1054326
moderna,mRNA-1273,az-az,matched,2022-01-26,0,1054326
moderna,mRNA-1273,az-az,matched,2022-01-27,0,1054326
moderna,mRNA-1273,az-az,matched,2022-01-28,0,1054326
moderna,mRNA-1273,az-az,matched,2022-01-29,0,1054326
moderna,mRNA-1273,az-az,matched,2022-01-30,0,1054326
moderna,mRNA-1273,az-az,matched,2022-01-31,0,1054326
moderna,mRNA-1273,az-az,matched,2022-02-01,0,1054326
moderna,mRNA-1273,az-az,matched,2022-02-02,0,1054326
moderna,mRNA-1273,az-az,unmatched,2021-09-16,6,6
moderna,mRNA-1273,az-az,unmatched,2021-09-17,0,6
moderna,mRNA-1273,az-az,unmatched,2021-09-18,72,78
moderna,mRNA-1273,az-az,unmatched,2021-09-19,72,150
moderna,mRNA-1273,az-az,unmatched,2021-09-20,0,150
moderna,mRNA-1273,az-az,unmatched,2021-09-21,6,156
moderna,mRNA-1273,az-az,unmatched,2021-09-22,0,156
moderna,mRNA-1273,az-az,unmatched,2021-09-23,0,156
moderna,mRNA-1273,az-az,unmatched,2021-09-24,60,216
moderna,mRNA-1273,az-az,unmatched,2021-09-25,6,222
moderna,mRNA-1273,az-az,unmatched,2021-09-26,54,276
moderna,mRNA-1273,az-az,unmatched,2021-09-27,0,276
moderna,mRNA-1273,az-az,unmatched,2021-09-28,30,306
moderna,mRNA-1273,az-az,unmatched,2021-09-29,6,312
moderna,mRNA-1273,az-az,unmatched,2021-09-30,0,312
moderna,mRNA-1273,az-az,unmatched,2021-10-01,6,318
moderna,mRNA-1273,az-az,unmatched,2021-10-02,0,318
moderna,mRNA-1273,az-az,unmatched,2021-10-03,0,318
moderna,mRNA-1273,az-az,unmatched,2021-10-04,6,324
moderna,mRNA-1273,az-az,unmatched,2021-10-05,0,324
moderna,mRNA-1273,az-az,unmatched,2021-10-06,6,330
moderna,mRNA-1273,az-az,unmatched,2021-10-07,0,330
moderna,mRNA-1273,az-az,unmatched,2021-10-08,6,336
moderna,mRNA-1273,az-az,unmatched,2021-10-09,18,354
moderna,mRNA-1273,az-az,unmatched,2021-10-10,0,354
moderna,mRNA-1273,az-az,unmatched,2021-10-11,0,354
moderna,mRNA-1273,az-az,unmatched,2021-10-12,12,366
moderna,mRNA-1273,az-az,unmatched,2021-10-13,0,366
moderna,mRNA-1273,az-az,unmatched,2021-10-14,12,378
moderna,mRNA-1273,az-az,unmatched,2021-10-15,0,378
moderna,mRNA-1273,az-az,unmatched,2021-10-16,0,378
moderna,mRNA-1273,az-az,unmatched,2021-10-17,0,378
moderna,mRNA-1273,az-az,unmatched,2021-10-18,6,384
moderna,mRNA-1273,az-az,unmatched,2021-10-19,36,420
moderna,mRNA-1273,az-az,unmatched,2021-10-20,246,666
moderna,mRNA-1273,az-az,unmatched,2021-10-21,144,810
moderna,mRNA-1273,az-az,unmatched,2021-10-22,96,906
moderna,mRNA-1273,az-az,unmatched,2021-10-23,24,930
moderna,mRNA-1273,az-az,unmatched,2021-10-24,150,1080
moderna,mRNA-1273,az-az,unmatched,2021-10-25,114,1194
moderna,mRNA-1273,az-az,unmatched,2021-10-26,186,1380
moderna,mRNA-1273,az-az,unmatched,2021-10-27,834,2214
moderna,mRNA-1273,az-az,unmatched,2021-10-28,684,2898
moderna,mRNA-1273,az-az,unmatched,2021-10-29,1182,4080
moderna,mRNA-1273,az-az,unmatched,2021-10-30,822,4902
moderna,mRNA-1273,az-az,unmatched,2021-10-31,294,5196
moderna,mRNA-1273,az-az,unmatched,2021-11-01,1086,6282
moderna,mRNA-1273,az-az,unmatched,2021-11-02,846,7128
moderna,mRNA-1273,az-az,unmatched,2021-11-03,1014,8142
moderna,mRNA-1273,az-az,unmatched,2021-11-04,822,8964
moderna,mRNA-1273,az-az,unmatched,2021-11-05,984,9948
moderna,mRNA-1273,az-az,unmatched,2021-11-06,1032,10980
moderna,mRNA-1273,az-az,unmatched,2021-11-07,678,11658
moderna,mRNA-1273,az-az,unmatched,2021-11-08,1416,13074
moderna,mRNA-1273,az-az,unmatched,2021-11-09,1308,14382
moderna,mRNA-1273,az-az,unmatched,2021-11-10,1740,16122
moderna,mRNA-1273,az-az,unmatched,2021-11-11,1308,17430
moderna,mRNA-1273,az-az,unmatched,2021-11-12,1716,19146
moderna,mRNA-1273,az-az,unmatched,2021-11-13,1254,20400
moderna,mRNA-1273,az-az,unmatched,2021-11-14,768,21168
moderna,mRNA-1273,az-az,unmatched,2021-11-15,1110,22278
moderna,mRNA-1273,az-az,unmatched,2021-11-16,1038,23316
moderna,mRNA-1273,az-az,unmatched,2021-11-17,1182,24498
moderna,mRNA-1273,az-az,unmatched,2021-11-18,1284,25782
moderna,mRNA-1273,az-az,unmatched,2021-11-19,1260,27042
moderna,mRNA-1273,az-az,unmatched,2021-11-20,888,27930
moderna,mRNA-1273,az-az,unmatched,2021-11-21,654,28584
moderna,mRNA-1273,az-az,unmatched,2021-11-22,1026,29610
moderna,mRNA-1273,az-az,unmatched,2021-11-23,1008,30618
moderna,mRNA-1273,az-az,unmatched,2021-11-24,1182,31800
moderna,mRNA-1273,az-az,unmatched,2021-11-25,1350,33150
moderna,mRNA-1273,az-az,unmatched,2021-11-26,1506,34656
moderna,mRNA-1273,az-az,unmatched,2021-11-27,1302,35958
moderna,mRNA-1273,az-az,unmatched,2021-11-28,1170,37128
moderna,mRNA-1273,az-az,unmatched,2021-11-29,1494,38622
moderna,mRNA-1273,az-az,unmatched,2021-11-30,1710,40332
moderna,mRNA-1273,az-az,unmatched,2021-12-01,1848,42180
moderna,mRNA-1273,az-az,unmatched,2021-12-02,1974,44154
moderna,mRNA-1273,az-az,unmatched,2021-12-03,1896,46050
moderna,mRNA-1273,az-az,unmatched,2021-12-04,2100,48150
moderna,mRNA-1273,az-az,unmatched,2021-12-05,1476,49626
moderna,mRNA-1273,az-az,unmatched,2021-12-06,1800,51426
moderna,mRNA-1273,az-az,unmatched,2021-12-07,1938,53364
moderna,mRNA-1273,az-az,unmatched,2021-12-08,2118,55482
moderna,mRNA-1273,az-az,unmatched,2021-12-09,2622,58104
moderna,mRNA-1273,az-az,unmatched,2021-12-10,2946,61050
moderna,mRNA-1273,az-az,unmatched,2021-12-11,3342,64392
moderna,mRNA-1273,az-az,unmatched,2021-12-12,2766,67158
moderna,mRNA-1273,az-az,unmatched,2021-12-13,3738,70896
moderna,mRNA-1273,az-az,unmatched,2021-12-14,4350,75246
moderna,mRNA-1273,az-az,unmatched,2021-12-15,57084,132330
moderna,mRNA-1273,az-az,unmatched,2021-12-16,56976,189306
moderna,mRNA-1273,az-az,unmatched,2021-12-17,54510,243816
moderna,mRNA-1273,az-az,unmatched,2021-12-18,49740,293556
moderna,mRNA-1273,az-az,unmatched,2021-12-19,43920,337476
moderna,mRNA-1273,az-az,unmatched,2021-12-20,46296,383772
moderna,mRNA-1273,az-az,unmatched,2021-12-21,41268,425040
moderna,mRNA-1273,az-az,unmatched,2021-12-22,33822,458862
moderna,mRNA-1273,az-az,unmatched,2021-12-23,23844,482706
moderna,mRNA-1273,az-az,unmatched,2021-12-24,7470,490176
moderna,mRNA-1273,az-az,unmatched,2021-12-25,174,490350
moderna,mRNA-1273,az-az,unmatched,2021-12-26,1134,491484
moderna,mRNA-1273,az-az,unmatched,2021-12-27,10380,501864
moderna,mRNA-1273,az-az,unmatched,2021-12-28,11688,513552
moderna,mRNA-1273,az-az,unmatched,2021-12-29,16806,530358
moderna,mRNA-1273,az-az,unmatched,2021-12-30,14160,544518
moderna,mRNA-1273,az-az,unmatched,2021-12-31,6378,550896
moderna,mRNA-1273,az-az,unmatched,2022-01-01,816,551712
moderna,mRNA-1273,az-az,unmatched,2022-01-02,5478,557190
moderna,mRNA-1273,az-az,unmatched,2022-01-03,5292,562482
moderna,mRNA-1273,az-az,unmatched,2022-01-04,9858,572340
moderna,mRNA-1273,az-az,unmatched,2022-01-05,9120,581460
moderna,mRNA-1273,az-az,unmatched,2022-01-06,8322,589782
moderna,mRNA-1273,az-az,unmatched,2022-01-07,8952,598734
moderna,mRNA-1273,az-az,unmatched,2022-01-08,8346,607080
moderna,mRNA-1273,az-az,unmatched,2022-01-09,4146,611226
moderna,mRNA-1273,az-az,unmatched,2022-01-10,5022,616248
moderna,mRNA-1273,az-az,unmatched,2022-01-11,3462,619710
moderna,mRNA-1273,az-az,unmatched,2022-01-12,2580,622290
moderna,mRNA-1273,az-az,unmatched,2022-01-13,2178,624468
moderna,mRNA-1273,az-az,unmatched,2022-01-14,2598,627066
moderna,mRNA-1273,az-az,unmatched,2022-01-15,2274,629340
moderna,mRNA-1273,az-az,unmatched,2022-01-16,1074,630414
moderna,mRNA-1273,az-az,unmatched,2022-01-17,1134,631548
moderna,mRNA-1273,az-az,unmatched,2022-01-18,1074,632622
moderna,mRNA-1273,az-az,unmatched,2022-01-19,792,633414
moderna,mRNA-1273,az-az,unmatched,2022-01-20,684,634098
moderna,mRNA-1273,az-az,unmatched,2022-01-21,684,634782
moderna,mRNA-1273,az-az,unmatched,2022-01-22,456,635238
moderna,mRNA-1273,az-az,unmatched,2022-01-23,234,635472
moderna,mRNA-1273,az-az,unmatched,2022-01-24,318,635790
moderna,mRNA-1273,az-az,unmatched,2022-01-25,312,636102
moderna,mRNA-1273,az-az,unmatched,2022-01-26,192,636294
moderna,mRNA-1273,az-az,unmatched,2022-01-27,234,636528
moderna,mRNA-1273,az-az,unmatched,2022-01-28,162,636690
moderna,mRNA-1273,az-az,unmatched,2022-01-29,66,636756
moderna,mRNA-1273,az-az,unmatched,2022-01-30,36,636792
moderna,mRNA-1273,az-az,unmatched,2022-01-31,24,636816
moderna,mRNA-1273,az-az,unmatched,2022-02-01,30,636846
moderna,mRNA-1273,az-az,unmatched,2022-02-02,78,636924
moderna,mRNA-1273,pfizer-pfizer,matched,2021-09-16,0,0
moderna,mRNA-1273,pfizer-pfizer,matched,2021-09-17,0,0
moderna,mRNA-1273,pfizer-pfizer,matched,2021-09-18,0,0
moderna,mRNA-1273,pfizer-pfizer,matched,2021-09-19,0,0
moderna,mRNA-1273,pfizer-pfizer,matched,2021-09-20,0,0
moderna,mRNA-1273,pfizer-pfizer,matched,2021-09-21,0,0
moderna,mRNA-1273,pfizer-pfizer,matched,2021-09-22,0,0
moderna,mRNA-1273,pfizer-pfizer,matched,2021-09-23,0,0
moderna,mRNA-1273,pfizer-pfizer,matched,2021-09-24,0,0
moderna,mRNA-1273,pfizer-pfizer,matched,2021-09-25,0,0
moderna,mRNA-1273,pfizer-pfizer,matched,2021-09-26,0,0
moderna,mRNA-1273,pfizer-pfizer,matched,2021-09-27,0,0
moderna,mRNA-1273,pfizer-pfizer,matched,2021-09-28,0,0
moderna,mRNA-1273,pfizer-pfizer,matched,2021-09-29,0,0
moderna,mRNA-1273,pfizer-pfizer,matched,2021-09-30,0,0
moderna,mRNA-1273,pfizer-pfizer,matched,2021-10-01,0,0
moderna,mRNA-1273,pfizer-pfizer,matched,2021-10-02,0,0
moderna,mRNA-1273,pfizer-pfizer,matched,2021-10-03,0,0
moderna,mRNA-1273,pfizer-pfizer,matched,2021-10-04,0,0
moderna,mRNA-1273,pfizer-pfizer,matched,2021-10-05,0,0
moderna,mRNA-1273,pfizer-pfizer,matched,2021-10-06,0,0
moderna,mRNA-1273,pfizer-pfizer,matched,2021-10-07,0,0
moderna,mRNA-1273,pfizer-pfizer,matched,2021-10-08,0,0
moderna,mRNA-1273,pfizer-pfizer,matched,2021-10-09,0,0
moderna,mRNA-1273,pfizer-pfizer,matched,2021-10-10,0,0
moderna,mRNA-1273,pfizer-pfizer,matched,2021-10-11,0,0
moderna,mRNA-1273,pfizer-pfizer,matched,2021-10-12,0,0
moderna,mRNA-1273,pfizer-pfizer,matched,2021-10-13,0,0
moderna,mRNA-1273,pfizer-pfizer,matched,2021-10-14,0,0
moderna,mRNA-1273,pfizer-pfizer,matched,2021-10-15,0,0
moderna,mRNA-1273,pfizer-pfizer,matched,2021-10-16,0,0
moderna,mRNA-1273,pfizer-pfizer,matched,2021-10-17,0,0
moderna,mRNA-1273,pfizer-pfizer,matched,2021-10-18,0,0
moderna,mRNA-1273,pfizer-pfizer,matched,2021-10-19,0,0
moderna,mRNA-1273,pfizer-pfizer,matched,2021-10-20,0,0
moderna,mRNA-1273,pfizer-pfizer,matched,2021-10-21,0,0
moderna,mRNA-1273,pfizer-pfizer,matched,2021-10-22,0,0
moderna,mRNA-1273,pfizer-pfizer,matched,2021-10-23,0,0
moderna,mRNA-1273,pfizer-pfizer,matched,2021-10-24,0,0
moderna,mRNA-1273,pfizer-pfizer,matched,2021-10-25,0,0
moderna,mRNA-1273,pfizer-pfizer,matched,2021-10-26,0,0
moderna,mRNA-1273,pfizer-pfizer,matched,2021-10-27,0,0
moderna,mRNA-1273,pfizer-pfizer,matched,2021-10-28,0,0
moderna,mRNA-1273,pfizer-pfizer,matched,2021-10-29,0,0
moderna,mRNA-1273,pfizer-pfizer,matched,2021-10-30,312,312
moderna,mRNA-1273,pfizer-pfizer,matched,2021-10-31,84,396
moderna,mRNA-1273,pfizer-pfizer,matched,2021-11-01,234,630
moderna,mRNA-1273,pfizer-pfizer,matched,2021-11-02,312,942
moderna,mRNA-1273,pfizer-pfizer,matched,2021-11-03,786,1728
moderna,mRNA-1273,pfizer-pfizer,matched,2021-11-04,1110,2838
moderna,mRNA-1273,pfizer-pfizer,matched,2021-11-05,1104,3942
moderna,mRNA-1273,pfizer-pfizer,matched,2021-11-06,798,4740
moderna,mRNA-1273,pfizer-pfizer,matched,2021-11-07,894,5634
moderna,mRNA-1273,pfizer-pfizer,matched,2021-11-08,1566,7200
moderna,mRNA-1273,pfizer-pfizer,matched,2021-11-09,2106,9306
moderna,mRNA-1273,pfizer-pfizer,matched,2021-11-10,3222,12528
moderna,mRNA-1273,pfizer-pfizer,matched,2021-11-11,4806,17334
moderna,mRNA-1273,pfizer-pfizer,matched,2021-11-12,4758,22092
moderna,mRNA-1273,pfizer-pfizer,matched,2021-11-13,4092,26184
moderna,mRNA-1273,pfizer-pfizer,matched,2021-11-14,3186,29370
moderna,mRNA-1273,pfizer-pfizer,matched,2021-11-15,5430,34800
moderna,mRNA-1273,pfizer-pfizer,matched,2021-11-16,5862,40662
moderna,mRNA-1273,pfizer-pfizer,matched,2021-11-17,5820,46482
moderna,mRNA-1273,pfizer-pfizer,matched,2021-11-18,6078,52560
moderna,mRNA-1273,pfizer-pfizer,matched,2021-11-19,6798,59358
moderna,mRNA-1273,pfizer-pfizer,matched,2021-11-20,5184,64542
moderna,mRNA-1273,pfizer-pfizer,matched,2021-11-21,3954,68496
moderna,mRNA-1273,pfizer-pfizer,matched,2021-11-22,5070,73566
moderna,mRNA-1273,pfizer-pfizer,matched,2021-11-23,6516,80082
moderna,mRNA-1273,pfizer-pfizer,matched,2021-11-24,6684,86766
moderna,mRNA-1273,pfizer-pfizer,matched,2021-11-25,6876,93642
moderna,mRNA-1273,pfizer-pfizer,matched,2021-11-26,7218,100860
moderna,mRNA-1273,pfizer-pfizer,matched,2021-11-27,5874,106734
moderna,mRNA-1273,pfizer-pfizer,matched,2021-11-28,4278,111012
moderna,mRNA-1273,pfizer-pfizer,matched,2021-11-29,4914,115926
moderna,mRNA-1273,pfizer-pfizer,matched,2021-11-30,6450,122376
moderna,mRNA-1273,pfizer-pfizer,matched,2021-12-01,5904,128280
moderna,mRNA-1273,pfizer-pfizer,matched,2021-12-02,6480,134760
moderna,mRNA-1273,pfizer-pfizer,matched,2021-12-03,4938,139698
moderna,mRNA-1273,pfizer-pfizer,matched,2021-12-04,5508,145206
moderna,mRNA-1273,pfizer-pfizer,matched,2021-12-05,3198,148404
moderna,mRNA-1273,pfizer-pfizer,matched,2021-12-06,3666,152070
moderna,mRNA-1273,pfizer-pfizer,matched,2021-12-07,4482,156552
moderna,mRNA-1273,pfizer-pfizer,matched,2021-12-08,4620,161172
moderna,mRNA-1273,pfizer-pfizer,matched,2021-12-09,5766,166938
moderna,mRNA-1273,pfizer-pfizer,matched,2021-12-10,4944,171882
moderna,mRNA-1273,pfizer-pfizer,matched,2021-12-11,6138,178020
moderna,mRNA-1273,pfizer-pfizer,matched,2021-12-12,5796,183816
moderna,mRNA-1273,pfizer-pfizer,matched,2021-12-13,10110,193926
moderna,mRNA-1273,pfizer-pfizer,matched,2021-12-14,13812,207738
moderna,mRNA-1273,pfizer-pfizer,matched,2021-12-15,0,207738
moderna,mRNA-1273,pfizer-pfizer,matched,2021-12-16,0,207738
moderna,mRNA-1273,pfizer-pfizer,matched,2021-12-17,0,207738
moderna,mRNA-1273,pfizer-pfizer,matched,2021-12-18,0,207738
moderna,mRNA-1273,pfizer-pfizer,matched,2021-12-19,0,207738
moderna,mRNA-1273,pfizer-pfizer,matched,2021-12-20,0,207738
moderna,mRNA-1273,pfizer-pfizer,matched,2021-12-21,0,207738
moderna,mRNA-1273,pfizer-pfizer,matched,2021-12-22,0,207738
moderna,mRNA-1273,pfizer-pfizer,matched,2021-12-23,0,207738
moderna,mRNA-1273,pfizer-pfizer,matched,2021-12-24,0,207738
moderna,mRNA-1273,pfizer-pfizer,matched,2021-12-25,0,207738
moderna,mRNA-1273,pfizer-pfizer,matched,2021-12-26,0,207738
moderna,mRNA-1273,pfizer-pfizer,matched,2021-12-27,0,207738
moderna,mRNA-1273,pfizer-pfizer,matched,2021-12-28,0,207738
moderna,mRNA-1273,pfizer-pfizer,matched,2021-12-29,0,207738
moderna,mRNA-1273,pfizer-pfizer,matched,2021-12-30,0,207738
moderna,mRNA-1273,pfizer-pfizer,matched,2021-12-31,0,207738
moderna,mRNA-1273,pfizer-pfizer,matched,2022-01-01,0,207738
moderna,mRNA-1273,pfizer-pfizer,matched,2022-01-02,0,207738
moderna,mRNA-1273,pfizer-pfizer,matched,2022-01-03,0,207738
moderna,mRNA-1273,pfizer-pfizer,matched,2022-01-04,0,207738
moderna,mRNA-1273,pfizer-pfizer,matched,2022-01-05,0,207738
moderna,mRNA-1273,pfizer-pfizer,matched,2022-01-06,0,207738
moderna,mRNA-1273,pfizer-pfizer,matched,2022-01-07,0,207738
moderna,mRNA-1273,pfizer-pfizer,matched,2022-01-08,0,207738
moderna,mRNA-1273,pfizer-pfizer,matched,2022-01-09,0,207738
moderna,mRNA-1273,pfizer-pfizer,matched,2022-01-10,0,207738
moderna,mRNA-1273,pfizer-pfizer,matched,2022-01-11,0,207738
moderna,mRNA-1273,pfizer-pfizer,matched,2022-01-12,0,207738
moderna,mRNA-1273,pfizer-pfizer,matched,2022-01-13,0,207738
moderna,mRNA-1273,pfizer-pfizer,matched,2022-01-14,0,207738
moderna,mRNA-1273,pfizer-pfizer,matched,2022-01-15,0,207738
moderna,mRNA-1273,pfizer-pfizer,matched,2022-01-16,0,207738
moderna,mRNA-1273,pfizer-pfizer,matched,2022-01-17,0,207738
moderna,mRNA-1273,pfizer-pfizer,matched,2022-01-18,0,207738
moderna,mRNA-1273,pfizer-pfizer,matched,2022-01-19,0,207738
moderna,mRNA-1273,pfizer-pfizer,matched,2022-01-20,0,207738
moderna,mRNA-1273,pfizer-pfizer,matched,2022-01-21,0,207738
moderna,mRNA-1273,pfizer-pfizer,matched,2022-01-22,0,207738
moderna,mRNA-1273,pfizer-pfizer,matched,2022-01-23,0,207738
moderna,mRNA-1273,pfizer-pfizer,matched,2022-01-24,0,207738
moderna,mRNA-1273,pfizer-pfizer,matched,2022-01-25,0,207738
moderna,mRNA-1273,pfizer-pfizer,matched,2022-01-26,0,207738
moderna,mRNA-1273,pfizer-pfizer,matched,2022-01-27,0,207738
moderna,mRNA-1273,pfizer-pfizer,matched,2022-01-28,0,207738
moderna,mRNA-1273,pfizer-pfizer,matched,2022-01-29,0,207738
moderna,mRNA-1273,pfizer-pfizer,matched,2022-01-30,0,207738
moderna,mRNA-1273,pfizer-pfizer,matched,2022-01-31,0,207738
moderna,mRNA-1273,pfizer-pfizer,matched,2022-02-01,0,207738
moderna,mRNA-1273,pfizer-pfizer,matched,2022-02-02,0,207738
moderna,mRNA-1273,pfizer-pfizer,unmatched,2021-09-16,0,0
moderna,mRNA-1273,pfizer-pfizer,unmatched,2021-09-17,0,0
moderna,mRNA-1273,pfizer-pfizer,unmatched,2021-09-18,36,36
moderna,mRNA-1273,pfizer-pfizer,unmatched,2021-09-19,36,72
moderna,mRNA-1273,pfizer-pfizer,unmatched,2021-09-20,0,72
moderna,mRNA-1273,pfizer-pfizer,unmatched,2021-09-21,6,78
moderna,mRNA-1273,pfizer-pfizer,unmatched,2021-09-22,6,84
moderna,mRNA-1273,pfizer-pfizer,unmatched,2021-09-23,18,102
moderna,mRNA-1273,pfizer-pfizer,unmatched,2021-09-24,108,210
moderna,mRNA-1273,pfizer-pfizer,unmatched,2021-09-25,90,300
moderna,mRNA-1273,pfizer-pfizer,unmatched,2021-09-26,36,336
moderna,mRNA-1273,pfizer-pfizer,unmatched,2021-09-27,6,342
moderna,mRNA-1273,pfizer-pfizer,unmatched,2021-09-28,18,360
moderna,mRNA-1273,pfizer-pfizer,unmatched,2021-09-29,66,426
moderna,mRNA-1273,pfizer-pfizer,unmatched,2021-09-30,12,438
moderna,mRNA-1273,pfizer-pfizer,unmatched,2021-10-01,6,444
moderna,mRNA-1273,pfizer-pfizer,unmatched,2021-10-02,12,456
moderna,mRNA-1273,pfizer-pfizer,unmatched,2021-10-03,6,462
moderna,mRNA-1273,pfizer-pfizer,unmatched,2021-10-04,6,468
moderna,mRNA-1273,pfizer-pfizer,unmatched,2021-10-05,6,474
moderna,mRNA-1273,pfizer-pfizer,unmatched,2021-10-06,6,480
moderna,mRNA-1273,pfizer-pfizer,unmatched,2021-10-07,18,498
moderna,mRNA-1273,pfizer-pfizer,unmatched,2021-10-08,12,510
moderna,mRNA-1273,pfizer-pfizer,unmatched,2021-10-09,18,528
moderna,mRNA-1273,pfizer-pfizer,unmatched,2021-10-10,6,534
moderna,mRNA-1273,pfizer-pfizer,unmatched,2021-10-11,18,552
moderna,mRNA-1273,pfizer-pfizer,unmatched,2021-10-12,6,558
moderna,mRNA-1273,pfizer-pfizer,unmatched,2021-10-13,6,564
moderna,mRNA-1273,pfizer-pfizer,unmatched,2021-10-14,0,564
moderna,mRNA-1273,pfizer-pfizer,unmatched,2021-10-15,0,564
moderna,mRNA-1273,pfizer-pfizer,unmatched,2021-10-16,0,564
moderna,mRNA-1273,pfizer-pfizer,unmatched,2021-10-17,6,570
moderna,mRNA-1273,pfizer-pfizer,unmatched,2021-10-18,0,570
moderna,mRNA-1273,pfizer-pfizer,unmatched,2021-10-19,30,600
moderna,mRNA-1273,pfizer-pfizer,unmatched,2021-10-20,324,924
moderna,mRNA-1273,pfizer-pfizer,unmatched,2021-10-21,84,1008
moderna,mRNA-1273,pfizer-pfizer,unmatched,2021-10-22,90,1098
moderna,mRNA-1273,pfizer-pfizer,unmatched,2021-10-23,12,1110
moderna,mRNA-1273,pfizer-pfizer,unmatched,2021-10-24,102,1212
moderna,mRNA-1273,pfizer-pfizer,unmatched,2021-10-25,42,1254
moderna,mRNA-1273,pfizer-pfizer,unmatched,2021-10-26,78,1332
moderna,mRNA-1273,pfizer-pfizer,unmatched,2021-10-27,492,1824
moderna,mRNA-1273,pfizer-pfizer,unmatched,2021-10-28,390,2214
moderna,mRNA-1273,pfizer-pfizer,unmatched,2021-10-29,654,2868
moderna,mRNA-1273,pfizer-pfizer,unmatched,2021-10-30,516,3384
moderna,mRNA-1273,pfizer-pfizer,unmatched,2021-10-31,330,3714
moderna,mRNA-1273,pfizer-pfizer,unmatched,2021-11-01,1260,4974
moderna,mRNA-1273,pfizer-pfizer,unmatched,2021-11-02,1044,6018
moderna,mRNA-1273,pfizer-pfizer,unmatched,2021-11-03,1218,7236
moderna,mRNA-1273,pfizer-pfizer,unmatched,2021-11-04,840,8076
moderna,mRNA-1273,pfizer-pfizer,unmatched,2021-11-05,924,9000
moderna,mRNA-1273,pfizer-pfizer,unmatched,2021-11-06,1014,10014
moderna,mRNA-1273,pfizer-pfizer,unmatched,2021-11-07,696,10710
moderna,mRNA-1273,pfizer-pfizer,unmatched,2021-11-08,1284,11994
moderna,mRNA-1273,pfizer-pfizer,unmatched,2021-11-09,1260,13254
moderna,mRNA-1273,pfizer-pfizer,unmatched,2021-11-10,1554,14808
moderna,mRNA-1273,pfizer-pfizer,unmatched,2021-11-11,1680,16488
moderna,mRNA-1273,pfizer-pfizer,unmatched,2021-11-12,1716,18204
moderna,mRNA-1273,pfizer-pfizer,unmatched,2021-11-13,1398,19602
moderna,mRNA-1273,pfizer-pfizer,unmatched,2021-11-14,582,20184
moderna,mRNA-1273,pfizer-pfizer,unmatched,2021-11-15,1146,21330
moderna,mRNA-1273,pfizer-pfizer,unmatched,2021-11-16,990,22320
moderna,mRNA-1273,pfizer-pfizer,unmatched,2021-11-17,1092,23412
moderna,mRNA-1273,pfizer-pfizer,unmatched,2021-11-18,1236,24648
moderna,mRNA-1273,pfizer-pfizer,unmatched,2021-11-19,1368,26016
moderna,mRNA-1273,pfizer-pfizer,unmatched,2021-11-20,966,26982
moderna,mRNA-1273,pfizer-pfizer,unmatched,2021-11-21,714,27696
moderna,mRNA-1273,pfizer-pfizer,unmatched,2021-11-22,954,28650
moderna,mRNA-1273,pfizer-pfizer,unmatched,2021-11-23,1164,29814
moderna,mRNA-1273,pfizer-pfizer,unmatched,2021-11-24,1230,31044
moderna,mRNA-1273,pfizer-pfizer,unmatched,2021-11-25,1278,32322
moderna,mRNA-1273,pfizer-pfizer,unmatched,2021-11-26,1200,33522
moderna,mRNA-1273,pfizer-pfizer,unmatched,2021-11-27,720,34242
moderna,mRNA-1273,pfizer-pfizer,unmatched,2021-11-28,558,34800
moderna,mRNA-1273,pfizer-pfizer,unmatched,2021-11-29,750,35550
moderna,mRNA-1273,pfizer-pfizer,unmatched,2021-11-30,1062,36612
moderna,mRNA-1273,pfizer-pfizer,unmatched,2021-12-01,924,37536
moderna,mRNA-1273,pfizer-pfizer,unmatched,2021-12-02,1128,38664
moderna,mRNA-1273,pfizer-pfizer,unmatched,2021-12-03,936,39600
moderna,mRNA-1273,pfizer-pfizer,unmatched,2021-12-04,1008,40608
moderna,mRNA-1273,pfizer-pfizer,unmatched,2021-12-05,654,41262
moderna,mRNA-1273,pfizer-pfizer,unmatched,2021-12-06,828,42090
moderna,mRNA-1273,pfizer-pfizer,unmatched,2021-12-07,1050,43140
moderna,mRNA-1273,pfizer-pfizer,unmatched,2021-12-08,924,44064
moderna,mRNA-1273,pfizer-pfizer,unmatched,2021-12-09,1290,45354
moderna,mRNA-1273,pfizer-pfizer,unmatched,2021-12-10,1014,46368
moderna,mRNA-1273,pfizer-pfizer,unmatched,2021-12-11,1200,47568
moderna,mRNA-1273,pfizer-pfizer,unmatched,2021-12-12,822,48390
moderna,mRNA-1273,pfizer-pfizer,unmatched,2021-12-13,1146,49536
moderna,mRNA-1273,pfizer-pfizer,unmatched,2021-12-14,1416,50952
moderna,mRNA-1273,pfizer-pfizer,unmatched,2021-12-15,18402,69354
moderna,mRNA-1273,pfizer-pfizer,unmatched,2021-12-16,19686,89040
moderna,mRNA-1273,pfizer-pfizer,unmatched,2021-12-17,18360,107400
moderna,mRNA-1273,pfizer-pfizer,unmatched,2021-12-18,17454,124854
moderna,mRNA-1273,pfizer-pfizer,unmatched,2021-12-19,17820,142674
moderna,mRNA-1273,pfizer-pfizer,unmatched,2021-12-20,18042,160716
moderna,mRNA-1273,pfizer-pfizer,unmatched,2021-12-21,18444,179160
moderna,mRNA-1273,pfizer-pfizer,unmatched,2021-12-22,15498,194658
moderna,mRNA-1273,pfizer-pfizer,unmatched,2021-12-23,10086,204744
moderna,mRNA-1273,pfizer-pfizer,unmatched,2021-12-24,3228,207972
moderna,mRNA-1273,pfizer-pfizer,unmatched,2021-12-25,84,208056
moderna,mRNA-1273,pfizer-pfizer,unmatched,2021-12-26,558,208614
moderna,mRNA-1273,pfizer-pfizer,unmatched,2021-12-27,4962,213576
moderna,mRNA-1273,pfizer-pfizer,unmatched,2021-12-28,5034,218610
moderna,mRNA-1273,pfizer-pfizer,unmatched,2021-12-29,6564,225174
moderna,mRNA-1273,pfizer-pfizer,unmatched,2021-12-30,5592,230766
moderna,mRNA-1273,pfizer-pfizer,unmatched,2021-12-31,2706,233472
moderna,mRNA-1273,pfizer-pfizer,unmatched,2022-01-01,354,233826
moderna,mRNA-1273,pfizer-pfizer,unmatched,2022-01-02,1866,235692
moderna,mRNA-1273,pfizer-pfizer,unmatched,2022-01-03,2286,237978
moderna,mRNA-1273,pfizer-pfizer,unmatched,2022-01-04,3666,241644
moderna,mRNA-1273,pfizer-pfizer,unmatched,2022-01-05,3894,245538
moderna,mRNA-1273,pfizer-pfizer,unmatched,2022-01-06,3498,249036
moderna,mRNA-1273,pfizer-pfizer,unmatched,2022-01-07,3720,252756
moderna,mRNA-1273,pfizer-pfizer,unmatched,2022-01-08,3468,256224
moderna,mRNA-1273,pfizer-pfizer,unmatched,2022-01-09,1752,257976
moderna,mRNA-1273,pfizer-pfizer,unmatched,2022-01-10,2130,260106
moderna,mRNA-1273,pfizer-pfizer,unmatched,2022-01-11,1584,261690
moderna,mRNA-1273,pfizer-pfizer,unmatched,2022-01-12,1218,262908
moderna,mRNA-1273,pfizer-pfizer,unmatched,2022-01-13,1008,263916
moderna,mRNA-1273,pfizer-pfizer,unmatched,2022-01-14,1182,265098
moderna,mRNA-1273,pfizer-pfizer,unmatched,2022-01-15,1020,266118
moderna,mRNA-1273,pfizer-pfizer,unmatched,2022-01-16,492,266610
moderna,mRNA-1273,pfizer-pfizer,unmatched,2022-01-17,636,267246
moderna,mRNA-1273,pfizer-pfizer,unmatched,2022-01-18,540,267786
moderna,mRNA-1273,pfizer-pfizer,unmatched,2022-01-19,372,268158
moderna,mRNA-1273,pfizer-pfizer,unmatched,2022-01-20,324,268482
moderna,mRNA-1273,pfizer-pfizer,unmatched,2022-01-21,312,268794
moderna,mRNA-1273,pfizer-pfizer,unmatched,2022-01-22,216,269010
moderna,mRNA-1273,pfizer-pfizer,unmatched,2022-01-23,78,269088
moderna,mRNA-1273,pfizer-pfizer,unmatched,2022-01-24,126,269214
moderna,mRNA-1273,pfizer-pfizer,unmatched,2022-01-25,90,269304
moderna,mRNA-1273,pfizer-pfizer,unmatched,2022-01-26,84,269388
moderna,mRNA-1273,pfizer-pfizer,unmatched,2022-01-27,84,269472
moderna,mRNA-1273,pfizer-pfizer,unmatched,2022-01-28,66,269538
moderna,mRNA-1273,pfizer-pfizer,unmatched,2022-01-29,24,269562
moderna,mRNA-1273,pfizer-pfizer,unmatched,2022-01-30,12,269574
moderna,mRNA-1273,pfizer-pfizer,unmatched,2022-01-31,6,269580
moderna,mRNA-1273,pfizer-pfizer,unmatched,2022-02-01,18,269598
moderna,mRNA-1273,pfizer-pfizer,unmatched,2022-02-02,24,269622
pfizer,BNT162b2,az-az,matched,2021-09-16,0,0
pfizer,BNT162b2,az-az,matched,2021-09-17,102,102
pfizer,BNT162b2,az-az,matched,2021-09-18,0,102
pfizer,BNT162b2,az-az,matched,2021-09-19,0,102
pfizer,BNT162b2,az-az,matched,2021-09-20,0,102
pfizer,BNT162b2,az-az,matched,2021-09-21,0,102
pfizer,BNT162b2,az-az,matched,2021-09-22,0,102
pfizer,BNT162b2,az-az,matched,2021-09-23,0,102
pfizer,BNT162b2,az-az,matched,2021-09-24,414,516
pfizer,BNT162b2,az-az,matched,2021-09-25,822,1338
pfizer,BNT162b2,az-az,matched,2021-09-26,564,1902
pfizer,BNT162b2,az-az,matched,2021-09-27,1038,2940
pfizer,BNT162b2,az-az,matched,2021-09-28,1764,4704
pfizer,BNT162b2,az-az,matched,2021-09-29,3768,8472
pfizer,BNT162b2,az-az,matched,2021-09-30,5004,13476
pfizer,BNT162b2,az-az,matched,2021-10-01,6708,20184
pfizer,BNT162b2,az-az,matched,2021-10-02,12054,32238
pfizer,BNT162b2,az-az,matched,2021-10-03,3930,36168
pfizer,BNT162b2,az-az,matched,2021-10-04,5664,41832
pfizer,BNT162b2,az-az,matched,2021-10-05,7122,48954
pfizer,BNT162b2,az-az,matched,2021-10-06,10788,59742
pfizer,BNT162b2,az-az,matched,2021-10-07,12492,72234
pfizer,BNT162b2,az-az,matched,2021-10-08,13914,86148
pfizer,BNT162b2,az-az,matched,2021-10-09,24084,110232
pfizer,BNT162b2,az-az,matched,2021-10-10,7194,117426
pfizer,BNT162b2,az-az,matched,2021-10-11,10836,128262
pfizer,BNT162b2,az-az,matched,2021-10-12,15090,143352
pfizer,BNT162b2,az-az,matched,2021-10-13,17670,161022
pfizer,BNT162b2,az-az,matched,2021-10-14,22626,183648
pfizer,BNT162b2,az-az,matched,2021-10-15,22782,206430
pfizer,BNT162b2,az-az,matched,2021-10-16,41142,247572
pfizer,BNT162b2,az-az,matched,2021-10-17,12486,260058
pfizer,BNT162b2,az-az,matched,2021-10-18,14544,274602
pfizer,BNT162b2,az-az,matched,2021-10-19,22782,297384
pfizer,BNT162b2,az-az,matched,2021-10-20,31338,328722
pfizer,BNT162b2,az-az,matched,2021-10-21,35790,364512
pfizer,BNT162b2,az-az,matched,2021-10-22,34644,399156
pfizer,BNT162b2,az-az,matched,2021-10-23,53922,453078
pfizer,BNT162b2,az-az,matched,2021-10-24,22050,475128
pfizer,BNT162b2,az-az,matched,2021-10-25,22494,497622
pfizer,BNT162b2,az-az,matched,2021-10-26,29778,527400
pfizer,BNT162b2,az-az,matched,2021-10-27,33498,560898
pfizer,BNT162b2,az-az,matched,2021-10-28,34518,595416
pfizer,BNT162b2,az-az,matched,2021-10-29,34578,629994
pfizer,BNT162b2,az-az,matched,2021-10-30,56040,686034
pfizer,BNT162b2,az-az,matched,2021-10-31,23988,710022
pfizer,BNT162b2,az-az,matched,2021-11-01,30300,740322
pfizer,BNT162b2,az-az,matched,2021-11-02,37746,778068
pfizer,BNT162b2,az-az,matched,2021-11-03,42870,820938
pfizer,BNT162b2,az-az,matched,2021-11-04,43110,864048
pfizer,BNT162b2,az-az,matched,2021-11-05,41268,905316
pfizer,BNT162b2,az-az,matched,2021-11-06,61362,966678
pfizer,BNT162b2,az-az,matched,2021-11-07,30174,996852
pfizer,BNT162b2,az-az,matched,2021-11-08,34338,1031190
pfizer,BNT162b2,az-az,matched,2021-11-09,40272,1071462
pfizer,BNT162b2,az-az,matched,2021-11-10,42936,1114398
pfizer,BNT162b2,az-az,matched,2021-11-11,39612,1154010
pfizer,BNT162b2,az-az,matched,2021-11-12,40380,1194390
pfizer,BNT162b2,az-az,matched,2021-11-13,60906,1255296
pfizer,BNT162b2,az-az,matched,2021-11-14,26196,1281492
pfizer,BNT162b2,az-az,matched,2021-11-15,26070,1307562
pfizer,BNT162b2,az-az,matched,2021-11-16,34716,1342278
pfizer,BNT162b2,az-az,matched,2021-11-17,40296,1382574
pfizer,BNT162b2,az-az,matched,2021-11-18,40362,1422936
pfizer,BNT162b2,az-az,matched,2021-11-19,39564,1462500
pfizer,BNT162b2,az-az,matched,2021-11-20,65538,1528038
pfizer,BNT162b2,az-az,matched,2021-11-21,28362,1556400
pfizer,BNT162b2,az-az,matched,2021-11-22,30708,1587108
pfizer,BNT162b2,az-az,matched,2021-11-23,36780,1623888
pfizer,BNT162b2,az-az,matched,2021-11-24,43596,1667484
pfizer,BNT162b2,az-az,matched,2021-11-25,41532,1709016
pfizer,BNT162b2,az-az,matched,2021-11-26,38970,1747986
pfizer,BNT162b2,az-az,matched,2021-11-27,68514,1816500
pfizer,BNT162b2,az-az,matched,2021-11-28,32892,1849392
pfizer,BNT162b2,az-az,matched,2021-11-29,30870,1880262
pfizer,BNT162b2,az-az,matched,2021-11-30,41100,1921362
pfizer,BNT162b2,az-az,matched,2021-12-01,46326,1967688
pfizer,BNT162b2,az-az,matched,2021-12-02,46770,2014458
pfizer,BNT162b2,az-az,matched,2021-12-03,46146,2060604
pfizer,BNT162b2,az-az,matched,2021-12-04,69372,2129976
pfizer,BNT162b2,az-az,matched,2021-12-05,34032,2164008
pfizer,BNT162b2,az-az,matched,2021-12-06,35304,2199312
pfizer,BNT162b2,az-az,matched,2021-12-07,43080,2242392
pfizer,BNT162b2,az-az,matched,2021-12-08,53088,2295480
pfizer,BNT162b2,az-az,matched,2021-12-09,56718,2352198
pfizer,BNT162b2,az-az,matched,2021-12-10,49590,2401788
pfizer,BNT162b2,az-az,matched,2021-12-11,74712,2476500
pfizer,BNT162b2,az-az,matched,2021-12-12,49020,2525520
pfizer,BNT162b2,az-az,matched,2021-12-13,42636,2568156
pfizer,BNT162b2,az-az,matched,2021-12-14,59046,2627202
pfizer,BNT162b2,az-az,matched,2021-12-15,0,2627202
pfizer,BNT162b2,az-az,matched,2021-12-16,0,2627202
pfizer,BNT162b2,az-az,matched,2021-12-17,0,2627202
pfizer,BNT162b2,az-az,matched,2021-12-18,0,2627202
pfizer,BNT162b2,az-az,matched,2021-12-19,0,2627202
pfizer,BNT162b2,az-az,matched,2021-12-20,0,2627202
pfizer,BNT162b2,az-az,matched,2021-12-21,0,2627202
pfizer,BNT162b2,az-az,matched,2021-12-22,0,2627202
pfizer,BNT162b2,az-az,matched,2021-12-23,0,2627202
pfizer,BNT162b2,az-az,matched,2021-12-24,0,2627202
pfizer,BNT162b2,az-az,matched,2021-12-25,0,2627202
pfizer,BNT162b2,az-az,matched,2021-12-26,0,2627202
pfizer,BNT162b2,az-az,matched,2021-12-27,0,2627202
pfizer,BNT162b2,az-az,matched,2021-12-28,0,2627202
pfizer,BNT162b2,az-az,matched,2021-12-29,0,2627202
pfizer,BNT162b2,az-az,matched,2021-12-30,0,2627202
pfizer,BNT162b2,az-az,matched,2021-12-31,0,2627202
pfizer,BNT162b2,az-az,matched,2022-01-01,0,2627202
pfizer,BNT162b2,az-az,matched,2022-01-02,0,2627202
pfizer,BNT162b2,az-az,matched,2022-01-03,0,2627202
pfizer,BNT162b2,az-az,matched,2022-01-04,0,2627202
pfizer,BNT162b2,az-az,matched,2022-01-05,0,2627202
pfizer,BNT162b2,az-az,matched,2022-01-06,0,2627202
pfizer,BNT162b2,az-az,matched,2022-01-07,0,2627202
pfizer,BNT162b2,az-az,matched,2022-01-08,0,2627202
pfizer,BNT162b2,az-az,matched,2022-01-09,0,2627202
pfizer,BNT162b2,az-az,matched,2022-01-10,0,2627202
pfizer,BNT162b2,az-az,matched,2022-01-11,0,2627202
pfizer,BNT162b2,az-az,matched,2022-01-12,0,2627202
pfizer,BNT162b2,az-az,matched,2022-01-13,0,2627202
pfizer,BNT162b2,az-az,matched,2022-01-14,0,2627202
pfizer,BNT162b2,az-az,matched,2022-01-15,0,2627202
pfizer,BNT162b2,az-az,matched,2022-01-16,0,2627202
pfizer,BNT162b2,az-az,matched,2022-01-17,0,2627202
pfizer,BNT162b2,az-az,matched,2022-01-18,0,2627202
pfizer,BNT162b2,az-az,matched,2022-01-19,0,2627202
pfizer,BNT162b2,az-az,matched,2022-01-20,0,2627202
pfizer,BNT162b2,az-az,matched,2022-01-21,0,2627202
pfizer,BNT162b2,az-az,matched,2022-01-22,0,2627202
pfizer,BNT162b2,az-az,matched,2022-01-23,0,2627202
pfizer,BNT162b2,az-az,matched,2022-01-24,0,2627202
pfizer,BNT162b2,az-az,matched,2022-01-25,0,2627202
pfizer,BNT162b2,az-az,matched,2022-01-26,0,2627202
pfizer,BNT162b2,az-az,matched,2022-01-27,0,2627202
pfizer,BNT162b2,az-az,matched,2022-01-28,0,2627202
pfizer,BNT162b2,az-az,matched,2022-01-29,0,2627202
pfizer,BNT162b2,az-az,matched,2022-01-30,0,2627202
pfizer,BNT162b2,az-az,matched,2022-01-31,0,2627202
pfizer,BNT162b2,az-az,matched,2022-02-01,0,2627202
pfizer,BNT162b2,az-az,matched,2022-02-02,0,2627202
pfizer,BNT162b2,az-az,unmatched,2021-09-16,216,216
pfizer,BNT162b2,az-az,unmatched,2021-09-17,150,366
pfizer,BNT162b2,az-az,unmatched,2021-09-18,372,738
pfizer,BNT162b2,az-az,unmatched,2021-09-19,96,834
pfizer,BNT162b2,az-az,unmatched,2021-09-20,174,1008
pfizer,BNT162b2,az-az,unmatched,2021-09-21,546,1554
pfizer,BNT162b2,az-az,unmatched,2021-09-22,1314,2868
pfizer,BNT162b2,az-az,unmatched,2021-09-23,1686,4554
pfizer,BNT162b2,az-az,unmatched,2021-09-24,2118,6672
pfizer,BNT162b2,az-az,unmatched,2021-09-25,1938,8610
pfizer,BNT162b2,az-az,unmatched,2021-09-26,1032,9642
pfizer,BNT162b2,az-az,unmatched,2021-09-27,1488,11130
pfizer,BNT162b2,az-az,unmatched,2021-09-28,1842,12972
pfizer,BNT162b2,az-az,unmatched,2021-09-29,2286,15258
pfizer,BNT162b2,az-az,unmatched,2021-09-30,2280,17538
pfizer,BNT162b2,az-az,unmatched,2021-10-01,2046,19584
pfizer,BNT162b2,az-az,unmatched,2021-10-02,1860,21444
pfizer,BNT162b2,az-az,unmatched,2021-10-03,618,22062
pfizer,BNT162b2,az-az,unmatched,2021-10-04,984,23046
pfizer,BNT162b2,az-az,unmatched,2021-10-05,1326,24372
pfizer,BNT162b2,az-az,unmatched,2021-10-06,1680,26052
pfizer,BNT162b2,az-az,unmatched,2021-10-07,1608,27660
pfizer,BNT162b2,az-az,unmatched,2021-10-08,1968,29628
pfizer,BNT162b2,az-az,unmatched,2021-10-09,1722,31350
pfizer,BNT162b2,az-az,unmatched,2021-10-10,798,32148
pfizer,BNT162b2,az-az,unmatched,2021-10-11,948,33096
pfizer,BNT162b2,az-az,unmatched,2021-10-12,1098,34194
pfizer,BNT162b2,az-az,unmatched,2021-10-13,2214,36408
pfizer,BNT162b2,az-az,unmatched,2021-10-14,1806,38214
pfizer,BNT162b2,az-az,unmatched,2021-10-15,2058,40272
pfizer,BNT162b2,az-az,unmatched,2021-10-16,4002,44274
pfizer,BNT162b2,az-az,unmatched,2021-10-17,1134,45408
pfizer,BNT162b2,az-az,unmatched,2021-10-18,1812,47220
pfizer,BNT162b2,az-az,unmatched,2021-10-19,2640,49860
pfizer,BNT162b2,az-az,unmatched,2021-10-20,3492,53352
pfizer,BNT162b2,az-az,unmatched,2021-10-21,3798,57150
pfizer,BNT162b2,az-az,unmatched,2021-10-22,4254,61404
pfizer,BNT162b2,az-az,unmatched,2021-10-23,6564,67968
pfizer,BNT162b2,az-az,unmatched,2021-10-24,1914,69882
pfizer,BNT162b2,az-az,unmatched,2021-10-25,3444,73326
pfizer,BNT162b2,az-az,unmatched,2021-10-26,4920,78246
pfizer,BNT162b2,az-az,unmatched,2021-10-27,7098,85344
pfizer,BNT162b2,az-az,unmatched,2021-10-28,7434,92778
pfizer,BNT162b2,az-az,unmatched,2021-10-29,7704,100482
pfizer,BNT162b2,az-az,unmatched,2021-10-30,12954,113436
pfizer,BNT162b2,az-az,unmatched,2021-10-31,4086,117522
pfizer,BNT162b2,az-az,unmatched,2021-11-01,5682,123204
pfizer,BNT162b2,az-az,unmatched,2021-11-02,7806,131010
pfizer,BNT162b2,az-az,unmatched,2021-11-03,9096,140106
pfizer,BNT162b2,az-az,unmatched,2021-11-04,12786,152892
pfizer,BNT162b2,az-az,unmatched,2021-11-05,12282,165174
pfizer,BNT162b2,az-az,unmatched,2021-11-06,24258,189432
pfizer,BNT162b2,az-az,unmatched,2021-11-07,7740,197172
pfizer,BNT162b2,az-az,unmatched,2021-11-08,8778,205950
pfizer,BNT162b2,az-az,unmatched,2021-11-09,11586,217536
pfizer,BNT162b2,az-az,unmatched,2021-11-10,12834,230370
pfizer,BNT162b2,az-az,unmatched,2021-11-11,12618,242988
pfizer,BNT162b2,az-az,unmatched,2021-11-12,13506,256494
pfizer,BNT162b2,az-az,unmatched,2021-11-13,29262,285756
pfizer,BNT162b2,az-az,unmatched,2021-11-14,8850,294606
pfizer,BNT162b2,az-az,unmatched,2021-11-15,9720,304326
pfizer,BNT162b2,az-az,unmatched,2021-11-16,13542,317868
pfizer,BNT162b2,az-az,unmatched,2021-11-17,14934,332802
pfizer,BNT162b2,az-az,unmatched,2021-11-18,15012,347814
pfizer,BNT162b2,az-az,unmatched,2021-11-19,13584,361398
pfizer,BNT162b2,az-az,unmatched,2021-11-20,24678,386076
pfizer,BNT162b2,az-az,unmatched,2021-11-21,8070,394146
pfizer,BNT162b2,az-az,unmatched,2021-11-22,9462,403608
pfizer,BNT162b2,az-az,unmatched,2021-11-23,12582,416190
pfizer,BNT162b2,az-az,unmatched,2021-11-24,13542,429732
pfizer,BNT162b2,az-az,unmatched,2021-11-25,15030,444762
pfizer,BNT162b2,az-az,unmatched,2021-11-26,12846,457608
pfizer,BNT162b2,az-az,unmatched,2021-11-27,21384,478992
pfizer,BNT162b2,az-az,unmatched,2021-11-28,8244,487236
pfizer,BNT162b2,az-az,unmatched,2021-11-29,8886,496122
pfizer,BNT162b2,az-az,unmatched,2021-11-30,12300,508422
pfizer,BNT162b2,az-az,unmatched,2021-12-01,13866,522288
pfizer,BNT162b2,az-az,unmatched,2021-12-02,13758,536046
pfizer,BNT162b2,az-az,unmatched,2021-12-03,11820,547866
pfizer,BNT162b2,az-az,unmatched,2021-12-04,17676,565542
pfizer,BNT162b2,az-az,unmatched,2021-12-05,6786,572328
pfizer,BNT162b2,az-az,unmatched,2021-12-06,7584,579912
pfizer,BNT162b2,az-az,unmatched,2021-12-07,11040,590952
pfizer,BNT162b2,az-az,unmatched,2021-12-08,13482,604434
pfizer,BNT162b2,az-az,unmatched,2021-12-09,13452,617886
pfizer,BNT162b2,az-az,unmatched,2021-12-10,11814,629700
pfizer,BNT162b2,az-az,unmatched,2021-12-11,19140,648840
pfizer,BNT162b2,az-az,unmatched,2021-12-12,10074,658914
pfizer,BNT162b2,az-az,unmatched,2021-12-13,9918,668832
pfizer,BNT162b2,az-az,unmatched,2021-12-14,14382,683214
pfizer,BNT162b2,az-az,unmatched,2021-12-15,82782,765996
pfizer,BNT162b2,az-az,unmatched,2021-12-16,99642,865638
pfizer,BNT162b2,az-az,unmatched,2021-12-17,87864,953502
pfizer,BNT162b2,az-az,unmatched,2021-12-18,112182,1065684
pfizer,BNT162b2,az-az,unmatched,2021-12-19,81096,1146780
pfizer,BNT162b2,az-az,unmatched,2021-12-20,76104,1222884
pfizer,BNT162b2,az-az,unmatched,2021-12-21,82284,1305168
pfizer,BNT162b2,az-az,unmatched,2021-12-22,71148,1376316
pfizer,BNT162b2,az-az,unmatched,2021-12-23,45714,1422030
pfizer,BNT162b2,az-az,unmatched,2021-12-24,11352,1433382
pfizer,BNT162b2,az-az,unmatched,2021-12-25,384,1433766
pfizer,BNT162b2,az-az,unmatched,2021-12-26,1404,1435170
pfizer,BNT162b2,az-az,unmatched,2021-12-27,19248,1454418
pfizer,BNT162b2,az-az,unmatched,2021-12-28,26250,1480668
pfizer,BNT162b2,az-az,unmatched,2021-12-29,33780,1514448
pfizer,BNT162b2,az-az,unmatched,2021-12-30,34578,1549026
pfizer,BNT162b2,az-az,unmatched,2021-12-31,13242,1562268
pfizer,BNT162b2,az-az,unmatched,2022-01-01,1002,1563270
pfizer,BNT162b2,az-az,unmatched,2022-01-02,9924,1573194
pfizer,BNT162b2,az-az,unmatched,2022-01-03,10566,1583760
pfizer,BNT162b2,az-az,unmatched,2022-01-04,15690,1599450
pfizer,BNT162b2,az-az,unmatched,2022-01-05,19158,1618608
pfizer,BNT162b2,az-az,unmatched,2022-01-06,16224,1634832
pfizer,BNT162b2,az-az,unmatched,2022-01-07,15036,1649868
pfizer,BNT162b2,az-az,unmatched,2022-01-08,20712,1670580
pfizer,BNT162b2,az-az,unmatched,2022-01-09,9906,1680486
pfizer,BNT162b2,az-az,unmatched,2022-01-10,8154,1688640
pfizer,BNT162b2,az-az,unmatched,2022-01-11,9072,1697712
pfizer,BNT162b2,az-az,unmatched,2022-01-12,9114,1706826
pfizer,BNT162b2,az-az,unmatched,2022-01-13,7956,1714782
pfizer,BNT162b2,az-az,unmatched,2022-01-14,7278,1722060
pfizer,BNT162b2,az-az,unmatched,2022-01-15,9366,1731426
pfizer,BNT162b2,az-az,unmatched,2022-01-16,4434,1735860
pfizer,BNT162b2,az-az,unmatched,2022-01-17,4122,1739982
pfizer,BNT162b2,az-az,unmatched,2022-01-18,4896,1744878
pfizer,BNT162b2,az-az,unmatched,2022-01-19,4860,1749738
pfizer,BNT162b2,az-az,unmatched,2022-01-20,4602,1754340
pfizer,BNT162b2,az-az,unmatched,2022-01-21,4830,1759170
pfizer,BNT162b2,az-az,unmatched,2022-01-22,6354,1765524
pfizer,BNT162b2,az-az,unmatched,2022-01-23,3222,1768746
pfizer,BNT162b2,az-az,unmatched,2022-01-24,4098,1772844
pfizer,BNT162b2,az-az,unmatched,2022-01-25,4218,1777062
pfizer,BNT162b2,az-az,unmatched,2022-01-26,4530,1781592
pfizer,BNT162b2,az-az,unmatched,2022-01-27,4212,1785804
pfizer,BNT162b2,az-az,unmatched,2022-01-28,4908,1790712
pfizer,BNT162b2,az-az,unmatched,2022-01-29,4878,1795590
pfizer,BNT162b2,az-az,unmatched,2022-01-30,2820,1798410
pfizer,BNT162b2,az-az,unmatched,2022-01-31,2940,1801350
pfizer,BNT162b2,az-az,unmatched,2022-02-01,2976,1804326
pfizer,BNT162b2,az-az,unmatched,2022-02-02,2808,1807134
pfizer,BNT162b2,pfizer-pfizer,matched,2021-09-16,198,198
pfizer,BNT162b2,pfizer-pfizer,matched,2021-09-17,168,366
pfizer,BNT162b2,pfizer-pfizer,matched,2021-09-18,1044,1410
pfizer,BNT162b2,pfizer-pfizer,matched,2021-09-19,432,1842
pfizer,BNT162b2,pfizer-pfizer,matched,2021-09-20,150,1992
pfizer,BNT162b2,pfizer-pfizer,matched,2021-09-21,2070,4062
pfizer,BNT162b2,pfizer-pfizer,matched,2021-09-22,7044,11106
pfizer,BNT162b2,pfizer-pfizer,matched,2021-09-23,10230,21336
pfizer,BNT162b2,pfizer-pfizer,matched,2021-09-24,16116,37452
pfizer,BNT162b2,pfizer-pfizer,matched,2021-09-25,20784,58236
pfizer,BNT162b2,pfizer-pfizer,matched,2021-09-26,10716,68952
pfizer,BNT162b2,pfizer-pfizer,matched,2021-09-27,14490,83442
pfizer,BNT162b2,pfizer-pfizer,matched,2021-09-28,17622,101064
pfizer,BNT162b2,pfizer-pfizer,matched,2021-09-29,26028,127092
pfizer,BNT162b2,pfizer-pfizer,matched,2021-09-30,27912,155004
pfizer,BNT162b2,pfizer-pfizer,matched,2021-10-01,27354,182358
pfizer,BNT162b2,pfizer-pfizer,matched,2021-10-02,39294,221652
pfizer,BNT162b2,pfizer-pfizer,matched,2021-10-03,17814,239466
pfizer,BNT162b2,pfizer-pfizer,matched,2021-10-04,19410,258876
pfizer,BNT162b2,pfizer-pfizer,matched,2021-10-05,25014,283890
pfizer,BNT162b2,pfizer-pfizer,matched,2021-10-06,33624,317514
pfizer,BNT162b2,pfizer-pfizer,matched,2021-10-07,32148,349662
pfizer,BNT162b2,pfizer-pfizer,matched,2021-10-08,32370,382032
pfizer,BNT162b2,pfizer-pfizer,matched,2021-10-09,47982,430014
pfizer,BNT162b2,pfizer-pfizer,matched,2021-10-10,19308,449322
pfizer,BNT162b2,pfizer-pfizer,matched,2021-10-11,20712,470034
pfizer,BNT162b2,pfizer-pfizer,matched,2021-10-12,25038,495072
pfizer,BNT162b2,pfizer-pfizer,matched,2021-10-13,28542,523614
pfizer,BNT162b2,pfizer-pfizer,matched,2021-10-14,29418,553032
pfizer,BNT162b2,pfizer-pfizer,matched,2021-10-15,26994,580026
pfizer,BNT162b2,pfizer-pfizer,matched,2021-10-16,41322,621348
pfizer,BNT162b2,pfizer-pfizer,matched,2021-10-17,14904,636252
pfizer,BNT162b2,pfizer-pfizer,matched,2021-10-18,16434,652686
pfizer,BNT162b2,pfizer-pfizer,matched,2021-10-19,21840,674526
pfizer,BNT162b2,pfizer-pfizer,matched,2021-10-20,26328,700854
pfizer,BNT162b2,pfizer-pfizer,matched,2021-10-21,29004,729858
pfizer,BNT162b2,pfizer-pfizer,matched,2021-10-22,31500,761358
pfizer,BNT162b2,pfizer-pfizer,matched,2021-10-23,38040,799398
pfizer,BNT162b2,pfizer-pfizer,matched,2021-10-24,17154,816552
pfizer,BNT162b2,pfizer-pfizer,matched,2021-10-25,17880,834432
pfizer,BNT162b2,pfizer-pfizer,matched,2021-10-26,23220,857652
pfizer,BNT162b2,pfizer-pfizer,matched,2021-10-27,24348,882000
pfizer,BNT162b2,pfizer-pfizer,matched,2021-10-28,22368,904368
pfizer,BNT162b2,pfizer-pfizer,matched,2021-10-29,25500,929868
pfizer,BNT162b2,pfizer-pfizer,matched,2021-10-30,35880,965748
pfizer,BNT162b2,pfizer-pfizer,matched,2021-10-31,14328,980076
pfizer,BNT162b2,pfizer-pfizer,matched,2021-11-01,16644,996720
pfizer,BNT162b2,pfizer-pfizer,matched,2021-11-02,21156,1017876
pfizer,BNT162b2,pfizer-pfizer,matched,2021-11-03,21468,1039344
pfizer,BNT162b2,pfizer-pfizer,matched,2021-11-04,24612,1063956
pfizer,BNT162b2,pfizer-pfizer,matched,2021-11-05,23172,1087128
pfizer,BNT162b2,pfizer-pfizer,matched,2021-11-06,32184,1119312
pfizer,BNT162b2,pfizer-pfizer,matched,2021-11-07,16044,1135356
pfizer,BNT162b2,pfizer-pfizer,matched,2021-11-08,18126,1153482
pfizer,BNT162b2,pfizer-pfizer,matched,2021-11-09,23466,1176948
pfizer,BNT162b2,pfizer-pfizer,matched,2021-11-10,25986,1202934
pfizer,BNT162b2,pfizer-pfizer,matched,2021-11-11,22344,1225278
pfizer,BNT162b2,pfizer-pfizer,matched,2021-11-12,21942,1247220
pfizer,BNT162b2,pfizer-pfizer,matched,2021-11-13,33258,1280478
pfizer,BNT162b2,pfizer-pfizer,matched,2021-11-14,14616,1295094
pfizer,BNT162b2,pfizer-pfizer,matched,2021-11-15,14082,1309176
pfizer,BNT162b2,pfizer-pfizer,matched,2021-11-16,17238,1326414
pfizer,BNT162b2,pfizer-pfizer,matched,2021-11-17,20550,1346964
pfizer,BNT162b2,pfizer-pfizer,matched,2021-11-18,18042,1365006
pfizer,BNT162b2,pfizer-pfizer,matched,2021-11-19,16050,1381056
pfizer,BNT162b2,pfizer-pfizer,matched,2021-11-20,28818,1409874
pfizer,BNT162b2,pfizer-pfizer,matched,2021-11-21,10002,1419876
pfizer,BNT162b2,pfizer-pfizer,matched,2021-11-22,8268,1428144
pfizer,BNT162b2,pfizer-pfizer,matched,2021-11-23,11136,1439280
pfizer,BNT162b2,pfizer-pfizer,matched,2021-11-24,12048,1451328
pfizer,BNT162b2,pfizer-pfizer,matched,2021-11-25,12834,1464162
pfizer,BNT162b2,pfizer-pfizer,matched,2021-11-26,10098,1474260
pfizer,BNT162b2,pfizer-pfizer,matched,2021-11-27,17724,1491984
pfizer,BNT162b2,pfizer-pfizer,matched,2021-11-28,6630,1498614
pfizer,BNT162b2,pfizer-pfizer,matched,2021-11-29,5568,1504182
pfizer,BNT162b2,pfizer-pfizer,matched,2021-11-30,7704,1511886
pfizer,BNT162b2,pfizer-pfizer,matched,2021-12-01,8358,1520244
pfizer,BNT162b2,pfizer-pfizer,matched,2021-12-02,7986,1528230
pfizer,BNT162b2,pfizer-pfizer,matched,2021-12-03,6912,1535142
pfizer,BNT162b2,pfizer-pfizer,matched,2021-12-04,9984,1545126
pfizer,BNT162b2,pfizer-pfizer,matched,2021-12-05,3498,1548624
pfizer,BNT162b2,pfizer-pfizer,matched,2021-12-06,3630,1552254
pfizer,BNT162b2,pfizer-pfizer,matched,2021-12-07,4902,1557156
pfizer,BNT162b2,pfizer-pfizer,matched,2021-12-08,6084,1563240
pfizer,BNT162b2,pfizer-pfizer,matched,2021-12-09,6678,1569918
pfizer,BNT162b2,pfizer-pfizer,matched,2021-12-10,5382,1575300
pfizer,BNT162b2,pfizer-pfizer,matched,2021-12-11,9600,1584900
pfizer,BNT162b2,pfizer-pfizer,matched,2021-12-12,7032,1591932
pfizer,BNT162b2,pfizer-pfizer,matched,2021-12-13,9090,1601022
pfizer,BNT162b2,pfizer-pfizer,matched,2021-12-14,16536,1617558
pfizer,BNT162b2,pfizer-pfizer,matched,2021-12-15,0,1617558
pfizer,BNT162b2,pfizer-pfizer,matched,2021-12-16,0,1617558
pfizer,BNT162b2,pfizer-pfizer,matched,2021-12-17,0,1617558
pfizer,BNT162b2,pfizer-pfizer,matched,2021-12-18,0,1617558
pfizer,BNT162b2,pfizer-pfizer,matched,2021-12-19,0,1617558
pfizer,BNT162b2,pfizer-pfizer,matched,2021-12-20,0,1617558
pfizer,BNT162b2,pfizer-pfizer,matched,2021-12-21,0,1617558
pfizer,BNT162b2,pfizer-pfizer,matched,2021-12-22,0,1617558
pfizer,BNT162b2,pfizer-pfizer,matched,2021-12-23,0,1617558
pfizer,BNT162b2,pfizer-pfizer,matched,2021-12-24,0,1617558
pfizer,BNT162b2,pfizer-pfizer,matched,2021-12-25,0,1617558
pfizer,BNT162b2,pfizer-pfizer,matched,2021-12-26,0,1617558
pfizer,BNT162b2,pfizer-pfizer,matched,2021-12-27,0,1617558
pfizer,BNT162b2,pfizer-pfizer,matched,2021-12-28,0,1617558
pfizer,BNT162b2,pfizer-pfizer,matched,2021-12-29,0,1617558
pfizer,BNT162b2,pfizer-pfizer,matched,2021-12-30,0,1617558
pfizer,BNT162b2,pfizer-pfizer,matched,2021-12-31,0,1617558
pfizer,BNT162b2,pfizer-pfizer,matched,2022-01-01,0,1617558
pfizer,BNT162b2,pfizer-pfizer,matched,2022-01-02,0,1617558
pfizer,BNT162b2,pfizer-pfizer,matched,2022-01-03,0,1617558
pfizer,BNT162b2,pfizer-pfizer,matched,2022-01-04,0,1617558
pfizer,BNT162b2,pfizer-pfizer,matched,2022-01-05,0,1617558
pfizer,BNT162b2,pfizer-pfizer,matched,2022-01-06,0,1617558
pfizer,BNT162b2,pfizer-pfizer,matched,2022-01-07,0,1617558
pfizer,BNT162b2,pfizer-pfizer,matched,2022-01-08,0,1617558
pfizer,BNT162b2,pfizer-pfizer,matched,2022-01-09,0,1617558
pfizer,BNT162b2,pfizer-pfizer,matched,2022-01-10,0,1617558
pfizer,BNT162b2,pfizer-pfizer,matched,2022-01-11,0,1617558
pfizer,BNT162b2,pfizer-pfizer,matched,2022-01-12,0,1617558
pfizer,BNT162b2,pfizer-pfizer,matched,2022-01-13,0,1617558
pfizer,BNT162b2,pfizer-pfizer,matched,2022-01-14,0,1617558
pfizer,BNT162b2,pfizer-pfizer,matched,2022-01-15,0,1617558
pfizer,BNT162b2,pfizer-pfizer,matched,2022-01-16,0,1617558
pfizer,BNT162b2,pfizer-pfizer,matched,2022-01-17,0,1617558
pfizer,BNT162b2,pfizer-pfizer,matched,2022-01-18,0,1617558
pfizer,BNT162b2,pfizer-pfizer,matched,2022-01-19,0,1617558
pfizer,BNT162b2,pfizer-pfizer,matched,2022-01-20,0,1617558
pfizer,BNT162b2,pfizer-pfizer,matched,2022-01-21,0,1617558
pfizer,BNT162b2,pfizer-pfizer,matched,2022-01-22,0,1617558
pfizer,BNT162b2,pfizer-pfizer,matched,2022-01-23,0,1617558
pfizer,BNT162b2,pfizer-pfizer,matched,2022-01-24,0,1617558
pfizer,BNT162b2,pfizer-pfizer,matched,2022-01-25,0,1617558
pfizer,BNT162b2,pfizer-pfizer,matched,2022-01-26,0,1617558
pfizer,BNT162b2,pfizer-pfizer,matched,2022-01-27,0,1617558
pfizer,BNT162b2,pfizer-pfizer,matched,2022-01-28,0,1617558
pfizer,BNT162b2,pfizer-pfizer,matched,2022-01-29,0,1617558
pfizer,BNT162b2,pfizer-pfizer,matched,2022-01-30,0,1617558
pfizer,BNT162b2,pfizer-pfizer,matched,2022-01-31,0,1617558
pfizer,BNT162b2,pfizer-pfizer,matched,2022-02-01,0,1617558
pfizer,BNT162b2,pfizer-pfizer,matched,2022-02-02,0,1617558
pfizer,BNT162b2,pfizer-pfizer,unmatched,2021-09-16,534,534
pfizer,BNT162b2,pfizer-pfizer,unmatched,2021-09-17,552,1086
pfizer,BNT162b2,pfizer-pfizer,unmatched,2021-09-18,828,1914
pfizer,BNT162b2,pfizer-pfizer,unmatched,2021-09-19,540,2454
pfizer,BNT162b2,pfizer-pfizer,unmatched,2021-09-20,834,3288
pfizer,BNT162b2,pfizer-pfizer,unmatched,2021-09-21,2664,5952
pfizer,BNT162b2,pfizer-pfizer,unmatched,2021-09-22,5382,11334
pfizer,BNT162b2,pfizer-pfizer,unmatched,2021-09-23,4728,16062
pfizer,BNT162b2,pfizer-pfizer,unmatched,2021-09-24,5136,21198
pfizer,BNT162b2,pfizer-pfizer,unmatched,2021-09-25,7560,28758
pfizer,BNT162b2,pfizer-pfizer,unmatched,2021-09-26,2856,31614
pfizer,BNT162b2,pfizer-pfizer,unmatched,2021-09-27,4134,35748
pfizer,BNT162b2,pfizer-pfizer,unmatched,2021-09-28,5172,40920
pfizer,BNT162b2,pfizer-pfizer,unmatched,2021-09-29,7362,48282
pfizer,BNT162b2,pfizer-pfizer,unmatched,2021-09-30,7530,55812
pfizer,BNT162b2,pfizer-pfizer,unmatched,2021-10-01,7152,62964
pfizer,BNT162b2,pfizer-pfizer,unmatched,2021-10-02,12096,75060
pfizer,BNT162b2,pfizer-pfizer,unmatched,2021-10-03,4278,79338
pfizer,BNT162b2,pfizer-pfizer,unmatched,2021-10-04,4902,84240
pfizer,BNT162b2,pfizer-pfizer,unmatched,2021-10-05,7614,91854
pfizer,BNT162b2,pfizer-pfizer,unmatched,2021-10-06,8700,100554
pfizer,BNT162b2,pfizer-pfizer,unmatched,2021-10-07,8706,109260
pfizer,BNT162b2,pfizer-pfizer,unmatched,2021-10-08,9324,118584
pfizer,BNT162b2,pfizer-pfizer,unmatched,2021-10-09,18630,137214
pfizer,BNT162b2,pfizer-pfizer,unmatched,2021-10-10,5820,143034
pfizer,BNT162b2,pfizer-pfizer,unmatched,2021-10-11,6990,150024
pfizer,BNT162b2,pfizer-pfizer,unmatched,2021-10-12,9858,159882
pfizer,BNT162b2,pfizer-pfizer,unmatched,2021-10-13,11802,171684
pfizer,BNT162b2,pfizer-pfizer,unmatched,2021-10-14,11676,183360
pfizer,BNT162b2,pfizer-pfizer,unmatched,2021-10-15,12084,195444
pfizer,BNT162b2,pfizer-pfizer,unmatched,2021-10-16,22134,217578
pfizer,BNT162b2,pfizer-pfizer,unmatched,2021-10-17,6090,223668
pfizer,BNT162b2,pfizer-pfizer,unmatched,2021-10-18,7512,231180
pfizer,BNT162b2,pfizer-pfizer,unmatched,2021-10-19,12150,243330
pfizer,BNT162b2,pfizer-pfizer,unmatched,2021-10-20,13884,257214
pfizer,BNT162b2,pfizer-pfizer,unmatched,2021-10-21,13584,270798
pfizer,BNT162b2,pfizer-pfizer,unmatched,2021-10-22,14058,284856
pfizer,BNT162b2,pfizer-pfizer,unmatched,2021-10-23,21312,306168
pfizer,BNT162b2,pfizer-pfizer,unmatched,2021-10-24,7818,313986
pfizer,BNT162b2,pfizer-pfizer,unmatched,2021-10-25,9390,323376
pfizer,BNT162b2,pfizer-pfizer,unmatched,2021-10-26,11532,334908
pfizer,BNT162b2,pfizer-pfizer,unmatched,2021-10-27,12918,347826
pfizer,BNT162b2,pfizer-pfizer,unmatched,2021-10-28,13728,361554
pfizer,BNT162b2,pfizer-pfizer,unmatched,2021-10-29,12900,374454
pfizer,BNT162b2,pfizer-pfizer,unmatched,2021-10-30,21024,395478
pfizer,BNT162b2,pfizer-pfizer,unmatched,2021-10-31,6246,401724
pfizer,BNT162b2,pfizer-pfizer,unmatched,2021-11-01,9864,411588
pfizer,BNT162b2,pfizer-pfizer,unmatched,2021-11-02,13458,425046
pfizer,BNT162b2,pfizer-pfizer,unmatched,2021-11-03,13560,438606
pfizer,BNT162b2,pfizer-pfizer,unmatched,2021-11-04,15882,454488
pfizer,BNT162b2,pfizer-pfizer,unmatched,2021-11-05,14718,469206
pfizer,BNT162b2,pfizer-pfizer,unmatched,2021-11-06,25800,495006
pfizer,BNT162b2,pfizer-pfizer,unmatched,2021-11-07,9024,504030
pfizer,BNT162b2,pfizer-pfizer,unmatched,2021-11-08,8868,512898
pfizer,BNT162b2,pfizer-pfizer,unmatched,2021-11-09,11460,524358
pfizer,BNT162b2,pfizer-pfizer,unmatched,2021-11-10,11934,536292
pfizer,BNT162b2,pfizer-pfizer,unmatched,2021-11-11,12792,549084
pfizer,BNT162b2,pfizer-pfizer,unmatched,2021-11-12,12876,561960
pfizer,BNT162b2,pfizer-pfizer,unmatched,2021-11-13,23250,585210
pfizer,BNT162b2,pfizer-pfizer,unmatched,2021-11-14,7914,593124
pfizer,BNT162b2,pfizer-pfizer,unmatched,2021-11-15,7278,600402
pfizer,BNT162b2,pfizer-pfizer,unmatched,2021-11-16,10752,611154
pfizer,BNT162b2,pfizer-pfizer,unmatched,2021-11-17,10704,621858
pfizer,BNT162b2,pfizer-pfizer,unmatched,2021-11-18,11418,633276
pfizer,BNT162b2,pfizer-pfizer,unmatched,2021-11-19,10092,643368
pfizer,BNT162b2,pfizer-pfizer,unmatched,2021-11-20,16872,660240
pfizer,BNT162b2,pfizer-pfizer,unmatched,2021-11-21,5508,665748
pfizer,BNT162b2,pfizer-pfizer,unmatched,2021-11-22,5934,671682
pfizer,BNT162b2,pfizer-pfizer,unmatched,2021-11-23,8442,680124
pfizer,BNT162b2,pfizer-pfizer,unmatched,2021-11-24,8040,688164
pfizer,BNT162b2,pfizer-pfizer,unmatched,2021-11-25,9078,697242
pfizer,BNT162b2,pfizer-pfizer,unmatched,2021-11-26,7116,704358
pfizer,BNT162b2,pfizer-pfizer,unmatched,2021-11-27,13878,718236
pfizer,BNT162b2,pfizer-pfizer,unmatched,2021-11-28,4866,723102
pfizer,BNT162b2,pfizer-pfizer,unmatched,2021-11-29,4926,728028
pfizer,BNT162b2,pfizer-pfizer,unmatched,2021-11-30,7188,735216
pfizer,BNT162b2,pfizer-pfizer,unmatched,2021-12-01,7386,742602
pfizer,BNT162b2,pfizer-pfizer,unmatched,2021-12-02,7926,750528
pfizer,BNT162b2,pfizer-pfizer,unmatched,2021-12-03,7566,758094
pfizer,BNT162b2,pfizer-pfizer,unmatched,2021-12-04,11190,769284
pfizer,BNT162b2,pfizer-pfizer,unmatched,2021-12-05,3726,773010
pfizer,BNT162b2,pfizer-pfizer,unmatched,2021-12-06,4422,777432
pfizer,BNT162b2,pfizer-pfizer,unmatched,2021-12-07,5964,783396
pfizer,BNT162b2,pfizer-pfizer,unmatched,2021-12-08,7074,790470
pfizer,BNT162b2,pfizer-pfizer,unmatched,2021-12-09,7464,797934
pfizer,BNT162b2,pfizer-pfizer,unmatched,2021-12-10,6432,804366
pfizer,BNT162b2,pfizer-pfizer,unmatched,2021-12-11,9720,814086
pfizer,BNT162b2,pfizer-pfizer,unmatched,2021-12-12,4890,818976
pfizer,BNT162b2,pfizer-pfizer,unmatched,2021-12-13,5484,824460
pfizer,BNT162b2,pfizer-pfizer,unmatched,2021-12-14,8964,833424
pfizer,BNT162b2,pfizer-pfizer,unmatched,2021-12-15,34068,867492
pfizer,BNT162b2,pfizer-pfizer,unmatched,2021-12-16,42192,909684
pfizer,BNT162b2,pfizer-pfizer,unmatched,2021-12-17,40944,950628
pfizer,BNT162b2,pfizer-pfizer,unmatched,2021-12-18,52710,1003338
pfizer,BNT162b2,pfizer-pfizer,unmatched,2021-12-19,41766,1045104
pfizer,BNT162b2,pfizer-pfizer,unmatched,2021-12-20,38466,1083570
pfizer,BNT162b2,pfizer-pfizer,unmatched,2021-12-21,42384,1125954
pfizer,BNT162b2,pfizer-pfizer,unmatched,2021-12-22,37434,1163388
pfizer,BNT162b2,pfizer-pfizer,unmatched,2021-12-23,23424,1186812
pfizer,BNT162b2,pfizer-pfizer,unmatched,2021-12-24,5556,1192368
pfizer,BNT162b2,pfizer-pfizer,unmatched,2021-12-25,228,1192596
pfizer,BNT162b2,pfizer-pfizer,unmatched,2021-12-26,702,1193298
pfizer,BNT162b2,pfizer-pfizer,unmatched,2021-12-27,10422,1203720
pfizer,BNT162b2,pfizer-pfizer,unmatched,2021-12-28,13806,1217526
pfizer,BNT162b2,pfizer-pfizer,unmatched,2021-12-29,15906,1233432
pfizer,BNT162b2,pfizer-pfizer,unmatched,2021-12-30,16380,1249812
pfizer,BNT162b2,pfizer-pfizer,unmatched,2021-12-31,6228,1256040
pfizer,BNT162b2,pfizer-pfizer,unmatched,2022-01-01,528,1256568
pfizer,BNT162b2,pfizer-pfizer,unmatched,2022-01-02,4476,1261044
pfizer,BNT162b2,pfizer-pfizer,unmatched,2022-01-03,4818,1265862
pfizer,BNT162b2,pfizer-pfizer,unmatched,2022-01-04,6612,1272474
pfizer,BNT162b2,pfizer-pfizer,unmatched,2022-01-05,9012,1281486
pfizer,BNT162b2,pfizer-pfizer,unmatched,2022-01-06,7968,1289454
pfizer,BNT162b2,pfizer-pfizer,unmatched,2022-01-07,6894,1296348
pfizer,BNT162b2,pfizer-pfizer,unmatched,2022-01-08,9876,1306224
pfizer,BNT162b2,pfizer-pfizer,unmatched,2022-01-09,5226,1311450
pfizer,BNT162b2,pfizer-pfizer,unmatched,2022-01-10,3846,1315296
pfizer,BNT162b2,pfizer-pfizer,unmatched,2022-01-11,4632,1319928
pfizer,BNT162b2,pfizer-pfizer,unmatched,2022-01-12,4692,1324620
pfizer,BNT162b2,pfizer-pfizer,unmatched,2022-01-13,4212,1328832
pfizer,BNT162b2,pfizer-pfizer,unmatched,2022-01-14,3642,1332474
pfizer,BNT162b2,pfizer-pfizer,unmatched,2022-01-15,4542,1337016
pfizer,BNT162b2,pfizer-pfizer,unmatched,2022-01-16,2184,1339200
pfizer,BNT162b2,pfizer-pfizer,unmatched,2022-01-17,2106,1341306
pfizer,BNT162b2,pfizer-pfizer,unmatched,2022-01-18,2448,1343754
pfizer,BNT162b2,pfizer-pfizer,unmatched,2022-01-19,2436,1346190
pfizer,BNT162b2,pfizer-pfizer,unmatched,2022-01-20,2388,1348578
pfizer,BNT162b2,pfizer-pfizer,unmatched,2022-01-21,2616,1351194
pfizer,BNT162b2,pfizer-pfizer,unmatched,2022-01-22,3132,1354326
pfizer,BNT162b2,pfizer-pfizer,unmatched,2022-01-23,1638,1355964
pfizer,BNT162b2,pfizer-pfizer,unmatched,2022-01-24,1992,1357956
pfizer,BNT162b2,pfizer-pfizer,unmatched,2022-01-25,2250,1360206
pfizer,BNT162b2,pfizer-pfizer,unmatched,2022-01-26,2280,1362486
pfizer,BNT162b2,pfizer-pfizer,unmatched,2022-01-27,2130,1364616
pfizer,BNT162b2,pfizer-pfizer,unmatched,2022-01-28,2244,1366860
pfizer,BNT162b2,pfizer-pfizer,unmatched,2022-01-29,2418,1369278
pfizer,BNT162b2,pfizer-pfizer,unmatched,2022-01-30,1428,1370706
pfizer,BNT162b2,pfizer-pfizer,unmatched,2022-01-31,1452,1372158
pfizer,BNT162b2,pfizer-pfizer,unmatched,2022-02-01,1536,1373694
pfizer,BNT162b2,pfizer-pfizer,unmatched,2022-02-02,1518,1375212
