treatment,treatment_descr,vax12_type,status,status_descr,vax3_date,n,cumuln
moderna,mRNA-1273,az-az,ineligible,"Boosted, ineligible",2021-10-29,558,558
moderna,mRNA-1273,az-az,ineligible,"Boosted, ineligible",2021-10-30,480,1038
moderna,mRNA-1273,az-az,ineligible,"Boosted, ineligible",2021-10-31,330,1368
moderna,mRNA-1273,az-az,ineligible,"Boosted, ineligible",2021-11-01,1200,2568
moderna,mRNA-1273,az-az,ineligible,"Boosted, ineligible",2021-11-02,966,3534
moderna,mRNA-1273,az-az,ineligible,"Boosted, ineligible",2021-11-03,1134,4668
moderna,mRNA-1273,az-az,ineligible,"Boosted, ineligible",2021-11-04,1158,5826
moderna,mRNA-1273,az-az,ineligible,"Boosted, ineligible",2021-11-05,1422,7248
moderna,mRNA-1273,az-az,ineligible,"Boosted, ineligible",2021-11-06,1482,8730
moderna,mRNA-1273,az-az,ineligible,"Boosted, ineligible",2021-11-07,1044,9774
moderna,mRNA-1273,az-az,ineligible,"Boosted, ineligible",2021-11-08,1908,11682
moderna,mRNA-1273,az-az,ineligible,"Boosted, ineligible",2021-11-09,2046,13728
moderna,mRNA-1273,az-az,ineligible,"Boosted, ineligible",2021-11-10,2706,16434
moderna,mRNA-1273,az-az,ineligible,"Boosted, ineligible",2021-11-11,3072,19506
moderna,mRNA-1273,az-az,ineligible,"Boosted, ineligible",2021-11-12,3426,22932
moderna,mRNA-1273,az-az,ineligible,"Boosted, ineligible",2021-11-13,2676,25608
moderna,mRNA-1273,az-az,ineligible,"Boosted, ineligible",2021-11-14,1896,27504
moderna,mRNA-1273,az-az,ineligible,"Boosted, ineligible",2021-11-15,2808,30312
moderna,mRNA-1273,az-az,ineligible,"Boosted, ineligible",2021-11-16,2778,33090
moderna,mRNA-1273,az-az,ineligible,"Boosted, ineligible",2021-11-17,3360,36450
moderna,mRNA-1273,az-az,ineligible,"Boosted, ineligible",2021-11-18,3996,40446
moderna,mRNA-1273,az-az,ineligible,"Boosted, ineligible",2021-11-19,4530,44976
moderna,mRNA-1273,az-az,ineligible,"Boosted, ineligible",2021-11-20,3978,48954
moderna,mRNA-1273,az-az,ineligible,"Boosted, ineligible",2021-11-21,3042,51996
moderna,mRNA-1273,az-az,ineligible,"Boosted, ineligible",2021-11-22,4146,56142
moderna,mRNA-1273,az-az,ineligible,"Boosted, ineligible",2021-11-23,4236,60378
moderna,mRNA-1273,az-az,ineligible,"Boosted, ineligible",2021-11-24,5034,65412
moderna,mRNA-1273,az-az,ineligible,"Boosted, ineligible",2021-11-25,5550,70962
moderna,mRNA-1273,az-az,ineligible,"Boosted, ineligible",2021-11-26,6156,77118
moderna,mRNA-1273,az-az,ineligible,"Boosted, ineligible",2021-11-27,5688,82806
moderna,mRNA-1273,az-az,ineligible,"Boosted, ineligible",2021-11-28,4422,87228
moderna,mRNA-1273,az-az,ineligible,"Boosted, ineligible",2021-11-29,4944,92172
moderna,mRNA-1273,az-az,ineligible,"Boosted, ineligible",2021-11-30,5652,97824
moderna,mRNA-1273,az-az,ineligible,"Boosted, ineligible",2021-12-01,6210,104034
moderna,mRNA-1273,az-az,ineligible,"Boosted, ineligible",2021-12-02,7002,111036
moderna,mRNA-1273,az-az,ineligible,"Boosted, ineligible",2021-12-03,6558,117594
moderna,mRNA-1273,az-az,ineligible,"Boosted, ineligible",2021-12-04,7566,125160
moderna,mRNA-1273,az-az,ineligible,"Boosted, ineligible",2021-12-05,4596,129756
moderna,mRNA-1273,az-az,ineligible,"Boosted, ineligible",2021-12-06,5154,134910
moderna,mRNA-1273,az-az,ineligible,"Boosted, ineligible",2021-12-07,6000,140910
moderna,mRNA-1273,az-az,ineligible,"Boosted, ineligible",2021-12-08,6366,147276
moderna,mRNA-1273,az-az,ineligible,"Boosted, ineligible",2021-12-09,7068,154344
moderna,mRNA-1273,az-az,ineligible,"Boosted, ineligible",2021-12-10,7362,161706
moderna,mRNA-1273,az-az,ineligible,"Boosted, ineligible",2021-12-11,8388,170094
moderna,mRNA-1273,az-az,ineligible,"Boosted, ineligible",2021-12-12,6312,176406
moderna,mRNA-1273,az-az,ineligible,"Boosted, ineligible",2021-12-13,8172,184578
moderna,mRNA-1273,az-az,ineligible,"Boosted, ineligible",2021-12-14,8454,193032
moderna,mRNA-1273,az-az,ineligible,"Boosted, ineligible",2021-12-15,8796,201828
moderna,mRNA-1273,az-az,ineligible,"Boosted, ineligible",2021-12-16,9054,210882
moderna,mRNA-1273,az-az,unmatched,"Boosted, eligible, unmatched",2021-10-29,0,0
moderna,mRNA-1273,az-az,unmatched,"Boosted, eligible, unmatched",2021-10-30,0,0
moderna,mRNA-1273,az-az,unmatched,"Boosted, eligible, unmatched",2021-10-31,0,0
moderna,mRNA-1273,az-az,unmatched,"Boosted, eligible, unmatched",2021-11-01,0,0
moderna,mRNA-1273,az-az,unmatched,"Boosted, eligible, unmatched",2021-11-02,0,0
moderna,mRNA-1273,az-az,unmatched,"Boosted, eligible, unmatched",2021-11-03,0,0
moderna,mRNA-1273,az-az,unmatched,"Boosted, eligible, unmatched",2021-11-04,0,0
moderna,mRNA-1273,az-az,unmatched,"Boosted, eligible, unmatched",2021-11-05,0,0
moderna,mRNA-1273,az-az,unmatched,"Boosted, eligible, unmatched",2021-11-06,0,0
moderna,mRNA-1273,az-az,unmatched,"Boosted, eligible, unmatched",2021-11-07,0,0
moderna,mRNA-1273,az-az,unmatched,"Boosted, eligible, unmatched",2021-11-08,0,0
moderna,mRNA-1273,az-az,unmatched,"Boosted, eligible, unmatched",2021-11-09,6,6
moderna,mRNA-1273,az-az,unmatched,"Boosted, eligible, unmatched",2021-11-10,0,6
moderna,mRNA-1273,az-az,unmatched,"Boosted, eligible, unmatched",2021-11-11,0,6
moderna,mRNA-1273,az-az,unmatched,"Boosted, eligible, unmatched",2021-11-12,0,6
moderna,mRNA-1273,az-az,unmatched,"Boosted, eligible, unmatched",2021-11-13,0,6
moderna,mRNA-1273,az-az,unmatched,"Boosted, eligible, unmatched",2021-11-14,0,6
moderna,mRNA-1273,az-az,unmatched,"Boosted, eligible, unmatched",2021-11-15,0,6
moderna,mRNA-1273,az-az,unmatched,"Boosted, eligible, unmatched",2021-11-16,0,6
moderna,mRNA-1273,az-az,unmatched,"Boosted, eligible, unmatched",2021-11-17,0,6
moderna,mRNA-1273,az-az,unmatched,"Boosted, eligible, unmatched",2021-11-18,0,6
moderna,mRNA-1273,az-az,unmatched,"Boosted, eligible, unmatched",2021-11-19,0,6
moderna,mRNA-1273,az-az,unmatched,"Boosted, eligible, unmatched",2021-11-20,0,6
moderna,mRNA-1273,az-az,unmatched,"Boosted, eligible, unmatched",2021-11-21,0,6
moderna,mRNA-1273,az-az,unmatched,"Boosted, eligible, unmatched",2021-11-22,6,12
moderna,mRNA-1273,az-az,unmatched,"Boosted, eligible, unmatched",2021-11-23,0,12
moderna,mRNA-1273,az-az,unmatched,"Boosted, eligible, unmatched",2021-11-24,0,12
moderna,mRNA-1273,az-az,unmatched,"Boosted, eligible, unmatched",2021-11-25,0,12
moderna,mRNA-1273,az-az,unmatched,"Boosted, eligible, unmatched",2021-11-26,0,12
moderna,mRNA-1273,az-az,unmatched,"Boosted, eligible, unmatched",2021-11-27,6,18
moderna,mRNA-1273,az-az,unmatched,"Boosted, eligible, unmatched",2021-11-28,0,18
moderna,mRNA-1273,az-az,unmatched,"Boosted, eligible, unmatched",2021-11-29,0,18
moderna,mRNA-1273,az-az,unmatched,"Boosted, eligible, unmatched",2021-11-30,0,18
moderna,mRNA-1273,az-az,unmatched,"Boosted, eligible, unmatched",2021-12-01,6,24
moderna,mRNA-1273,az-az,unmatched,"Boosted, eligible, unmatched",2021-12-02,0,24
moderna,mRNA-1273,az-az,unmatched,"Boosted, eligible, unmatched",2021-12-03,0,24
moderna,mRNA-1273,az-az,unmatched,"Boosted, eligible, unmatched",2021-12-04,0,24
moderna,mRNA-1273,az-az,unmatched,"Boosted, eligible, unmatched",2021-12-05,0,24
moderna,mRNA-1273,az-az,unmatched,"Boosted, eligible, unmatched",2021-12-06,0,24
moderna,mRNA-1273,az-az,unmatched,"Boosted, eligible, unmatched",2021-12-07,6,30
moderna,mRNA-1273,az-az,unmatched,"Boosted, eligible, unmatched",2021-12-08,0,30
moderna,mRNA-1273,az-az,unmatched,"Boosted, eligible, unmatched",2021-12-09,0,30
moderna,mRNA-1273,az-az,unmatched,"Boosted, eligible, unmatched",2021-12-10,6,36
moderna,mRNA-1273,az-az,unmatched,"Boosted, eligible, unmatched",2021-12-11,0,36
moderna,mRNA-1273,az-az,unmatched,"Boosted, eligible, unmatched",2021-12-12,0,36
moderna,mRNA-1273,az-az,unmatched,"Boosted, eligible, unmatched",2021-12-13,6,42
moderna,mRNA-1273,az-az,unmatched,"Boosted, eligible, unmatched",2021-12-14,0,42
moderna,mRNA-1273,az-az,unmatched,"Boosted, eligible, unmatched",2021-12-15,12,54
moderna,mRNA-1273,az-az,unmatched,"Boosted, eligible, unmatched",2021-12-16,72,126
moderna,mRNA-1273,az-az,matched,"Boosted, eligible, matched",2021-10-29,1434,1434
moderna,mRNA-1273,az-az,matched,"Boosted, eligible, matched",2021-10-30,1338,2772
moderna,mRNA-1273,az-az,matched,"Boosted, eligible, matched",2021-10-31,816,3588
moderna,mRNA-1273,az-az,matched,"Boosted, eligible, matched",2021-11-01,1176,4764
moderna,mRNA-1273,az-az,matched,"Boosted, eligible, matched",2021-11-02,1710,6474
moderna,mRNA-1273,az-az,matched,"Boosted, eligible, matched",2021-11-03,2616,9090
moderna,mRNA-1273,az-az,matched,"Boosted, eligible, matched",2021-11-04,3102,12192
moderna,mRNA-1273,az-az,matched,"Boosted, eligible, matched",2021-11-05,3468,15660
moderna,mRNA-1273,az-az,matched,"Boosted, eligible, matched",2021-11-06,3468,19128
moderna,mRNA-1273,az-az,matched,"Boosted, eligible, matched",2021-11-07,2652,21780
moderna,mRNA-1273,az-az,matched,"Boosted, eligible, matched",2021-11-08,4050,25830
moderna,mRNA-1273,az-az,matched,"Boosted, eligible, matched",2021-11-09,5682,31512
moderna,mRNA-1273,az-az,matched,"Boosted, eligible, matched",2021-11-10,7080,38592
moderna,mRNA-1273,az-az,matched,"Boosted, eligible, matched",2021-11-11,9798,48390
moderna,mRNA-1273,az-az,matched,"Boosted, eligible, matched",2021-11-12,9126,57516
moderna,mRNA-1273,az-az,matched,"Boosted, eligible, matched",2021-11-13,7458,64974
moderna,mRNA-1273,az-az,matched,"Boosted, eligible, matched",2021-11-14,6570,71544
moderna,mRNA-1273,az-az,matched,"Boosted, eligible, matched",2021-11-15,11832,83376
moderna,mRNA-1273,az-az,matched,"Boosted, eligible, matched",2021-11-16,11670,95046
moderna,mRNA-1273,az-az,matched,"Boosted, eligible, matched",2021-11-17,13554,108600
moderna,mRNA-1273,az-az,matched,"Boosted, eligible, matched",2021-11-18,16512,125112
moderna,mRNA-1273,az-az,matched,"Boosted, eligible, matched",2021-11-19,19836,144948
moderna,mRNA-1273,az-az,matched,"Boosted, eligible, matched",2021-11-20,16674,161622
moderna,mRNA-1273,az-az,matched,"Boosted, eligible, matched",2021-11-21,14820,176442
moderna,mRNA-1273,az-az,matched,"Boosted, eligible, matched",2021-11-22,20562,197004
moderna,mRNA-1273,az-az,matched,"Boosted, eligible, matched",2021-11-23,21564,218568
moderna,mRNA-1273,az-az,matched,"Boosted, eligible, matched",2021-11-24,24234,242802
moderna,mRNA-1273,az-az,matched,"Boosted, eligible, matched",2021-11-25,27846,270648
moderna,mRNA-1273,az-az,matched,"Boosted, eligible, matched",2021-11-26,30828,301476
moderna,mRNA-1273,az-az,matched,"Boosted, eligible, matched",2021-11-27,26622,328098
moderna,mRNA-1273,az-az,matched,"Boosted, eligible, matched",2021-11-28,23844,351942
moderna,mRNA-1273,az-az,matched,"Boosted, eligible, matched",2021-11-29,26532,378474
moderna,mRNA-1273,az-az,matched,"Boosted, eligible, matched",2021-11-30,31092,409566
moderna,mRNA-1273,az-az,matched,"Boosted, eligible, matched",2021-12-01,32940,442506
moderna,mRNA-1273,az-az,matched,"Boosted, eligible, matched",2021-12-02,35550,478056
moderna,mRNA-1273,az-az,matched,"Boosted, eligible, matched",2021-12-03,34608,512664
moderna,mRNA-1273,az-az,matched,"Boosted, eligible, matched",2021-12-04,37974,550638
moderna,mRNA-1273,az-az,matched,"Boosted, eligible, matched",2021-12-05,26322,576960
moderna,mRNA-1273,az-az,matched,"Boosted, eligible, matched",2021-12-06,30018,606978
moderna,mRNA-1273,az-az,matched,"Boosted, eligible, matched",2021-12-07,34200,641178
moderna,mRNA-1273,az-az,matched,"Boosted, eligible, matched",2021-12-08,34164,675342
moderna,mRNA-1273,az-az,matched,"Boosted, eligible, matched",2021-12-09,39090,714432
moderna,mRNA-1273,az-az,matched,"Boosted, eligible, matched",2021-12-10,41922,756354
moderna,mRNA-1273,az-az,matched,"Boosted, eligible, matched",2021-12-11,48198,804552
moderna,mRNA-1273,az-az,matched,"Boosted, eligible, matched",2021-12-12,37884,842436
moderna,mRNA-1273,az-az,matched,"Boosted, eligible, matched",2021-12-13,47730,890166
moderna,mRNA-1273,az-az,matched,"Boosted, eligible, matched",2021-12-14,48954,939120
moderna,mRNA-1273,az-az,matched,"Boosted, eligible, matched",2021-12-15,48996,988116
moderna,mRNA-1273,az-az,matched,"Boosted, eligible, matched",2021-12-16,48660,1036776
moderna,mRNA-1273,pfizer-pfizer,ineligible,"Boosted, ineligible",2021-10-29,366,366
moderna,mRNA-1273,pfizer-pfizer,ineligible,"Boosted, ineligible",2021-10-30,492,858
moderna,mRNA-1273,pfizer-pfizer,ineligible,"Boosted, ineligible",2021-10-31,300,1158
moderna,mRNA-1273,pfizer-pfizer,ineligible,"Boosted, ineligible",2021-11-01,1086,2244
moderna,mRNA-1273,pfizer-pfizer,ineligible,"Boosted, ineligible",2021-11-02,936,3180
moderna,mRNA-1273,pfizer-pfizer,ineligible,"Boosted, ineligible",2021-11-03,1398,4578
moderna,mRNA-1273,pfizer-pfizer,ineligible,"Boosted, ineligible",2021-11-04,1086,5664
moderna,mRNA-1273,pfizer-pfizer,ineligible,"Boosted, ineligible",2021-11-05,1152,6816
moderna,mRNA-1273,pfizer-pfizer,ineligible,"Boosted, ineligible",2021-11-06,1290,8106
moderna,mRNA-1273,pfizer-pfizer,ineligible,"Boosted, ineligible",2021-11-07,972,9078
moderna,mRNA-1273,pfizer-pfizer,ineligible,"Boosted, ineligible",2021-11-08,1632,10710
moderna,mRNA-1273,pfizer-pfizer,ineligible,"Boosted, ineligible",2021-11-09,1818,12528
moderna,mRNA-1273,pfizer-pfizer,ineligible,"Boosted, ineligible",2021-11-10,2550,15078
moderna,mRNA-1273,pfizer-pfizer,ineligible,"Boosted, ineligible",2021-11-11,3054,18132
moderna,mRNA-1273,pfizer-pfizer,ineligible,"Boosted, ineligible",2021-11-12,2946,21078
moderna,mRNA-1273,pfizer-pfizer,ineligible,"Boosted, ineligible",2021-11-13,2316,23394
moderna,mRNA-1273,pfizer-pfizer,ineligible,"Boosted, ineligible",2021-11-14,1266,24660
moderna,mRNA-1273,pfizer-pfizer,ineligible,"Boosted, ineligible",2021-11-15,2214,26874
moderna,mRNA-1273,pfizer-pfizer,ineligible,"Boosted, ineligible",2021-11-16,2214,29088
moderna,mRNA-1273,pfizer-pfizer,ineligible,"Boosted, ineligible",2021-11-17,2298,31386
moderna,mRNA-1273,pfizer-pfizer,ineligible,"Boosted, ineligible",2021-11-18,2490,33876
moderna,mRNA-1273,pfizer-pfizer,ineligible,"Boosted, ineligible",2021-11-19,2664,36540
moderna,mRNA-1273,pfizer-pfizer,ineligible,"Boosted, ineligible",2021-11-20,1974,38514
moderna,mRNA-1273,pfizer-pfizer,ineligible,"Boosted, ineligible",2021-11-21,1488,40002
moderna,mRNA-1273,pfizer-pfizer,ineligible,"Boosted, ineligible",2021-11-22,2076,42078
moderna,mRNA-1273,pfizer-pfizer,ineligible,"Boosted, ineligible",2021-11-23,2610,44688
moderna,mRNA-1273,pfizer-pfizer,ineligible,"Boosted, ineligible",2021-11-24,2520,47208
moderna,mRNA-1273,pfizer-pfizer,ineligible,"Boosted, ineligible",2021-11-25,2448,49656
moderna,mRNA-1273,pfizer-pfizer,ineligible,"Boosted, ineligible",2021-11-26,2454,52110
moderna,mRNA-1273,pfizer-pfizer,ineligible,"Boosted, ineligible",2021-11-27,1812,53922
moderna,mRNA-1273,pfizer-pfizer,ineligible,"Boosted, ineligible",2021-11-28,1248,55170
moderna,mRNA-1273,pfizer-pfizer,ineligible,"Boosted, ineligible",2021-11-29,1602,56772
moderna,mRNA-1273,pfizer-pfizer,ineligible,"Boosted, ineligible",2021-11-30,2148,58920
moderna,mRNA-1273,pfizer-pfizer,ineligible,"Boosted, ineligible",2021-12-01,1920,60840
moderna,mRNA-1273,pfizer-pfizer,ineligible,"Boosted, ineligible",2021-12-02,2202,63042
moderna,mRNA-1273,pfizer-pfizer,ineligible,"Boosted, ineligible",2021-12-03,1794,64836
moderna,mRNA-1273,pfizer-pfizer,ineligible,"Boosted, ineligible",2021-12-04,2052,66888
moderna,mRNA-1273,pfizer-pfizer,ineligible,"Boosted, ineligible",2021-12-05,1176,68064
moderna,mRNA-1273,pfizer-pfizer,ineligible,"Boosted, ineligible",2021-12-06,1482,69546
moderna,mRNA-1273,pfizer-pfizer,ineligible,"Boosted, ineligible",2021-12-07,1848,71394
moderna,mRNA-1273,pfizer-pfizer,ineligible,"Boosted, ineligible",2021-12-08,1920,73314
moderna,mRNA-1273,pfizer-pfizer,ineligible,"Boosted, ineligible",2021-12-09,2364,75678
moderna,mRNA-1273,pfizer-pfizer,ineligible,"Boosted, ineligible",2021-12-10,1974,77652
moderna,mRNA-1273,pfizer-pfizer,ineligible,"Boosted, ineligible",2021-12-11,2484,80136
moderna,mRNA-1273,pfizer-pfizer,ineligible,"Boosted, ineligible",2021-12-12,1998,82134
moderna,mRNA-1273,pfizer-pfizer,ineligible,"Boosted, ineligible",2021-12-13,3678,85812
moderna,mRNA-1273,pfizer-pfizer,ineligible,"Boosted, ineligible",2021-12-14,4518,90330
moderna,mRNA-1273,pfizer-pfizer,ineligible,"Boosted, ineligible",2021-12-15,5124,95454
moderna,mRNA-1273,pfizer-pfizer,ineligible,"Boosted, ineligible",2021-12-16,6018,101472
moderna,mRNA-1273,pfizer-pfizer,unmatched,"Boosted, eligible, unmatched",2021-10-29,0,0
moderna,mRNA-1273,pfizer-pfizer,unmatched,"Boosted, eligible, unmatched",2021-10-30,0,0
moderna,mRNA-1273,pfizer-pfizer,unmatched,"Boosted, eligible, unmatched",2021-10-31,6,6
moderna,mRNA-1273,pfizer-pfizer,unmatched,"Boosted, eligible, unmatched",2021-11-01,0,6
moderna,mRNA-1273,pfizer-pfizer,unmatched,"Boosted, eligible, unmatched",2021-11-02,0,6
moderna,mRNA-1273,pfizer-pfizer,unmatched,"Boosted, eligible, unmatched",2021-11-03,0,6
moderna,mRNA-1273,pfizer-pfizer,unmatched,"Boosted, eligible, unmatched",2021-11-04,0,6
moderna,mRNA-1273,pfizer-pfizer,unmatched,"Boosted, eligible, unmatched",2021-11-05,0,6
moderna,mRNA-1273,pfizer-pfizer,unmatched,"Boosted, eligible, unmatched",2021-11-06,0,6
moderna,mRNA-1273,pfizer-pfizer,unmatched,"Boosted, eligible, unmatched",2021-11-07,0,6
moderna,mRNA-1273,pfizer-pfizer,unmatched,"Boosted, eligible, unmatched",2021-11-08,0,6
moderna,mRNA-1273,pfizer-pfizer,unmatched,"Boosted, eligible, unmatched",2021-11-09,0,6
moderna,mRNA-1273,pfizer-pfizer,unmatched,"Boosted, eligible, unmatched",2021-11-10,0,6
moderna,mRNA-1273,pfizer-pfizer,unmatched,"Boosted, eligible, unmatched",2021-11-11,0,6
moderna,mRNA-1273,pfizer-pfizer,unmatched,"Boosted, eligible, unmatched",2021-11-12,0,6
moderna,mRNA-1273,pfizer-pfizer,unmatched,"Boosted, eligible, unmatched",2021-11-13,0,6
moderna,mRNA-1273,pfizer-pfizer,unmatched,"Boosted, eligible, unmatched",2021-11-14,0,6
moderna,mRNA-1273,pfizer-pfizer,unmatched,"Boosted, eligible, unmatched",2021-11-15,0,6
moderna,mRNA-1273,pfizer-pfizer,unmatched,"Boosted, eligible, unmatched",2021-11-16,0,6
moderna,mRNA-1273,pfizer-pfizer,unmatched,"Boosted, eligible, unmatched",2021-11-17,6,12
moderna,mRNA-1273,pfizer-pfizer,unmatched,"Boosted, eligible, unmatched",2021-11-18,0,12
moderna,mRNA-1273,pfizer-pfizer,unmatched,"Boosted, eligible, unmatched",2021-11-19,0,12
moderna,mRNA-1273,pfizer-pfizer,unmatched,"Boosted, eligible, unmatched",2021-11-20,0,12
moderna,mRNA-1273,pfizer-pfizer,unmatched,"Boosted, eligible, unmatched",2021-11-21,6,18
moderna,mRNA-1273,pfizer-pfizer,unmatched,"Boosted, eligible, unmatched",2021-11-22,0,18
moderna,mRNA-1273,pfizer-pfizer,unmatched,"Boosted, eligible, unmatched",2021-11-23,0,18
moderna,mRNA-1273,pfizer-pfizer,unmatched,"Boosted, eligible, unmatched",2021-11-24,6,24
moderna,mRNA-1273,pfizer-pfizer,unmatched,"Boosted, eligible, unmatched",2021-11-25,0,24
moderna,mRNA-1273,pfizer-pfizer,unmatched,"Boosted, eligible, unmatched",2021-11-26,0,24
moderna,mRNA-1273,pfizer-pfizer,unmatched,"Boosted, eligible, unmatched",2021-11-27,0,24
moderna,mRNA-1273,pfizer-pfizer,unmatched,"Boosted, eligible, unmatched",2021-11-28,0,24
moderna,mRNA-1273,pfizer-pfizer,unmatched,"Boosted, eligible, unmatched",2021-11-29,0,24
moderna,mRNA-1273,pfizer-pfizer,unmatched,"Boosted, eligible, unmatched",2021-11-30,0,24
moderna,mRNA-1273,pfizer-pfizer,unmatched,"Boosted, eligible, unmatched",2021-12-01,6,30
moderna,mRNA-1273,pfizer-pfizer,unmatched,"Boosted, eligible, unmatched",2021-12-02,0,30
moderna,mRNA-1273,pfizer-pfizer,unmatched,"Boosted, eligible, unmatched",2021-12-03,6,36
moderna,mRNA-1273,pfizer-pfizer,unmatched,"Boosted, eligible, unmatched",2021-12-04,6,42
moderna,mRNA-1273,pfizer-pfizer,unmatched,"Boosted, eligible, unmatched",2021-12-05,0,42
moderna,mRNA-1273,pfizer-pfizer,unmatched,"Boosted, eligible, unmatched",2021-12-06,0,42
moderna,mRNA-1273,pfizer-pfizer,unmatched,"Boosted, eligible, unmatched",2021-12-07,6,48
moderna,mRNA-1273,pfizer-pfizer,unmatched,"Boosted, eligible, unmatched",2021-12-08,6,54
moderna,mRNA-1273,pfizer-pfizer,unmatched,"Boosted, eligible, unmatched",2021-12-09,6,60
moderna,mRNA-1273,pfizer-pfizer,unmatched,"Boosted, eligible, unmatched",2021-12-10,0,60
moderna,mRNA-1273,pfizer-pfizer,unmatched,"Boosted, eligible, unmatched",2021-12-11,6,66
moderna,mRNA-1273,pfizer-pfizer,unmatched,"Boosted, eligible, unmatched",2021-12-12,0,66
moderna,mRNA-1273,pfizer-pfizer,unmatched,"Boosted, eligible, unmatched",2021-12-13,6,72
moderna,mRNA-1273,pfizer-pfizer,unmatched,"Boosted, eligible, unmatched",2021-12-14,0,72
moderna,mRNA-1273,pfizer-pfizer,unmatched,"Boosted, eligible, unmatched",2021-12-15,42,114
moderna,mRNA-1273,pfizer-pfizer,unmatched,"Boosted, eligible, unmatched",2021-12-16,54,168
moderna,mRNA-1273,pfizer-pfizer,matched,"Boosted, eligible, matched",2021-10-29,294,294
moderna,mRNA-1273,pfizer-pfizer,matched,"Boosted, eligible, matched",2021-10-30,336,630
moderna,mRNA-1273,pfizer-pfizer,matched,"Boosted, eligible, matched",2021-10-31,108,738
moderna,mRNA-1273,pfizer-pfizer,matched,"Boosted, eligible, matched",2021-11-01,414,1152
moderna,mRNA-1273,pfizer-pfizer,matched,"Boosted, eligible, matched",2021-11-02,420,1572
moderna,mRNA-1273,pfizer-pfizer,matched,"Boosted, eligible, matched",2021-11-03,612,2184
moderna,mRNA-1273,pfizer-pfizer,matched,"Boosted, eligible, matched",2021-11-04,870,3054
moderna,mRNA-1273,pfizer-pfizer,matched,"Boosted, eligible, matched",2021-11-05,876,3930
moderna,mRNA-1273,pfizer-pfizer,matched,"Boosted, eligible, matched",2021-11-06,534,4464
moderna,mRNA-1273,pfizer-pfizer,matched,"Boosted, eligible, matched",2021-11-07,618,5082
moderna,mRNA-1273,pfizer-pfizer,matched,"Boosted, eligible, matched",2021-11-08,1218,6300
moderna,mRNA-1273,pfizer-pfizer,matched,"Boosted, eligible, matched",2021-11-09,1554,7854
moderna,mRNA-1273,pfizer-pfizer,matched,"Boosted, eligible, matched",2021-11-10,2244,10098
moderna,mRNA-1273,pfizer-pfizer,matched,"Boosted, eligible, matched",2021-11-11,3438,13536
moderna,mRNA-1273,pfizer-pfizer,matched,"Boosted, eligible, matched",2021-11-12,3540,17076
moderna,mRNA-1273,pfizer-pfizer,matched,"Boosted, eligible, matched",2021-11-13,3186,20262
moderna,mRNA-1273,pfizer-pfizer,matched,"Boosted, eligible, matched",2021-11-14,2514,22776
moderna,mRNA-1273,pfizer-pfizer,matched,"Boosted, eligible, matched",2021-11-15,4386,27162
moderna,mRNA-1273,pfizer-pfizer,matched,"Boosted, eligible, matched",2021-11-16,4656,31818
moderna,mRNA-1273,pfizer-pfizer,matched,"Boosted, eligible, matched",2021-11-17,4638,36456
moderna,mRNA-1273,pfizer-pfizer,matched,"Boosted, eligible, matched",2021-11-18,4836,41292
moderna,mRNA-1273,pfizer-pfizer,matched,"Boosted, eligible, matched",2021-11-19,5514,46806
moderna,mRNA-1273,pfizer-pfizer,matched,"Boosted, eligible, matched",2021-11-20,4188,50994
moderna,mRNA-1273,pfizer-pfizer,matched,"Boosted, eligible, matched",2021-11-21,3192,54186
moderna,mRNA-1273,pfizer-pfizer,matched,"Boosted, eligible, matched",2021-11-22,3960,58146
moderna,mRNA-1273,pfizer-pfizer,matched,"Boosted, eligible, matched",2021-11-23,5094,63240
moderna,mRNA-1273,pfizer-pfizer,matched,"Boosted, eligible, matched",2021-11-24,5418,68658
moderna,mRNA-1273,pfizer-pfizer,matched,"Boosted, eligible, matched",2021-11-25,5730,74388
moderna,mRNA-1273,pfizer-pfizer,matched,"Boosted, eligible, matched",2021-11-26,5994,80382
moderna,mRNA-1273,pfizer-pfizer,matched,"Boosted, eligible, matched",2021-11-27,4794,85176
moderna,mRNA-1273,pfizer-pfizer,matched,"Boosted, eligible, matched",2021-11-28,3594,88770
moderna,mRNA-1273,pfizer-pfizer,matched,"Boosted, eligible, matched",2021-11-29,4080,92850
moderna,mRNA-1273,pfizer-pfizer,matched,"Boosted, eligible, matched",2021-11-30,5388,98238
moderna,mRNA-1273,pfizer-pfizer,matched,"Boosted, eligible, matched",2021-12-01,4944,103182
moderna,mRNA-1273,pfizer-pfizer,matched,"Boosted, eligible, matched",2021-12-02,5448,108630
moderna,mRNA-1273,pfizer-pfizer,matched,"Boosted, eligible, matched",2021-12-03,4116,112746
moderna,mRNA-1273,pfizer-pfizer,matched,"Boosted, eligible, matched",2021-12-04,4512,117258
moderna,mRNA-1273,pfizer-pfizer,matched,"Boosted, eligible, matched",2021-12-05,2712,119970
moderna,mRNA-1273,pfizer-pfizer,matched,"Boosted, eligible, matched",2021-12-06,3054,123024
moderna,mRNA-1273,pfizer-pfizer,matched,"Boosted, eligible, matched",2021-12-07,3738,126762
moderna,mRNA-1273,pfizer-pfizer,matched,"Boosted, eligible, matched",2021-12-08,3702,130464
moderna,mRNA-1273,pfizer-pfizer,matched,"Boosted, eligible, matched",2021-12-09,4866,135330
moderna,mRNA-1273,pfizer-pfizer,matched,"Boosted, eligible, matched",2021-12-10,4326,139656
moderna,mRNA-1273,pfizer-pfizer,matched,"Boosted, eligible, matched",2021-12-11,5514,145170
moderna,mRNA-1273,pfizer-pfizer,matched,"Boosted, eligible, matched",2021-12-12,5382,150552
moderna,mRNA-1273,pfizer-pfizer,matched,"Boosted, eligible, matched",2021-12-13,10326,160878
moderna,mRNA-1273,pfizer-pfizer,matched,"Boosted, eligible, matched",2021-12-14,15342,176220
moderna,mRNA-1273,pfizer-pfizer,matched,"Boosted, eligible, matched",2021-12-15,20130,196350
moderna,mRNA-1273,pfizer-pfizer,matched,"Boosted, eligible, matched",2021-12-16,24246,220596
pfizer,BNT162b2,az-az,ineligible,"Boosted, ineligible",2021-09-16,222,222
pfizer,BNT162b2,az-az,ineligible,"Boosted, ineligible",2021-09-17,156,378
pfizer,BNT162b2,az-az,ineligible,"Boosted, ineligible",2021-09-18,372,750
pfizer,BNT162b2,az-az,ineligible,"Boosted, ineligible",2021-09-19,96,846
pfizer,BNT162b2,az-az,ineligible,"Boosted, ineligible",2021-09-20,180,1026
pfizer,BNT162b2,az-az,ineligible,"Boosted, ineligible",2021-09-21,546,1572
pfizer,BNT162b2,az-az,ineligible,"Boosted, ineligible",2021-09-22,1320,2892
pfizer,BNT162b2,az-az,ineligible,"Boosted, ineligible",2021-09-23,1692,4584
pfizer,BNT162b2,az-az,ineligible,"Boosted, ineligible",2021-09-24,2172,6756
pfizer,BNT162b2,az-az,ineligible,"Boosted, ineligible",2021-09-25,2022,8778
pfizer,BNT162b2,az-az,ineligible,"Boosted, ineligible",2021-09-26,1086,9864
pfizer,BNT162b2,az-az,ineligible,"Boosted, ineligible",2021-09-27,1602,11466
pfizer,BNT162b2,az-az,ineligible,"Boosted, ineligible",2021-09-28,2058,13524
pfizer,BNT162b2,az-az,ineligible,"Boosted, ineligible",2021-09-29,2754,16278
pfizer,BNT162b2,az-az,ineligible,"Boosted, ineligible",2021-09-30,2892,19170
pfizer,BNT162b2,az-az,ineligible,"Boosted, ineligible",2021-10-01,3024,22194
pfizer,BNT162b2,az-az,ineligible,"Boosted, ineligible",2021-10-02,3360,25554
pfizer,BNT162b2,az-az,ineligible,"Boosted, ineligible",2021-10-03,1176,26730
pfizer,BNT162b2,az-az,ineligible,"Boosted, ineligible",2021-10-04,1782,28512
pfizer,BNT162b2,az-az,ineligible,"Boosted, ineligible",2021-10-05,2292,30804
pfizer,BNT162b2,az-az,ineligible,"Boosted, ineligible",2021-10-06,3072,33876
pfizer,BNT162b2,az-az,ineligible,"Boosted, ineligible",2021-10-07,3186,37062
pfizer,BNT162b2,az-az,ineligible,"Boosted, ineligible",2021-10-08,3702,40764
pfizer,BNT162b2,az-az,ineligible,"Boosted, ineligible",2021-10-09,4218,44982
pfizer,BNT162b2,az-az,ineligible,"Boosted, ineligible",2021-10-10,1554,46536
pfizer,BNT162b2,az-az,ineligible,"Boosted, ineligible",2021-10-11,2022,48558
pfizer,BNT162b2,az-az,ineligible,"Boosted, ineligible",2021-10-12,2508,51066
pfizer,BNT162b2,az-az,ineligible,"Boosted, ineligible",2021-10-13,3186,54252
pfizer,BNT162b2,az-az,ineligible,"Boosted, ineligible",2021-10-14,3264,57516
pfizer,BNT162b2,az-az,ineligible,"Boosted, ineligible",2021-10-15,3774,61290
pfizer,BNT162b2,az-az,ineligible,"Boosted, ineligible",2021-10-16,5994,67284
pfizer,BNT162b2,az-az,ineligible,"Boosted, ineligible",2021-10-17,1926,69210
pfizer,BNT162b2,az-az,ineligible,"Boosted, ineligible",2021-10-18,2502,71712
pfizer,BNT162b2,az-az,ineligible,"Boosted, ineligible",2021-10-19,3666,75378
pfizer,BNT162b2,az-az,ineligible,"Boosted, ineligible",2021-10-20,4590,79968
pfizer,BNT162b2,az-az,ineligible,"Boosted, ineligible",2021-10-21,5082,85050
pfizer,BNT162b2,az-az,ineligible,"Boosted, ineligible",2021-10-22,5418,90468
pfizer,BNT162b2,az-az,ineligible,"Boosted, ineligible",2021-10-23,7680,98148
pfizer,BNT162b2,az-az,ineligible,"Boosted, ineligible",2021-10-24,2928,101076
pfizer,BNT162b2,az-az,ineligible,"Boosted, ineligible",2021-10-25,3480,104556
pfizer,BNT162b2,az-az,ineligible,"Boosted, ineligible",2021-10-26,4590,109146
pfizer,BNT162b2,az-az,ineligible,"Boosted, ineligible",2021-10-27,5052,114198
pfizer,BNT162b2,az-az,ineligible,"Boosted, ineligible",2021-10-28,5142,119340
pfizer,BNT162b2,az-az,ineligible,"Boosted, ineligible",2021-10-29,5316,124656
pfizer,BNT162b2,az-az,ineligible,"Boosted, ineligible",2021-10-30,8562,133218
pfizer,BNT162b2,az-az,ineligible,"Boosted, ineligible",2021-10-31,3390,136608
pfizer,BNT162b2,az-az,ineligible,"Boosted, ineligible",2021-11-01,4338,140946
pfizer,BNT162b2,az-az,ineligible,"Boosted, ineligible",2021-11-02,5472,146418
pfizer,BNT162b2,az-az,ineligible,"Boosted, ineligible",2021-11-03,6384,152802
pfizer,BNT162b2,az-az,ineligible,"Boosted, ineligible",2021-11-04,6618,159420
pfizer,BNT162b2,az-az,ineligible,"Boosted, ineligible",2021-11-05,6240,165660
pfizer,BNT162b2,az-az,ineligible,"Boosted, ineligible",2021-11-06,10110,175770
pfizer,BNT162b2,az-az,ineligible,"Boosted, ineligible",2021-11-07,4392,180162
pfizer,BNT162b2,az-az,ineligible,"Boosted, ineligible",2021-11-08,4896,185058
pfizer,BNT162b2,az-az,ineligible,"Boosted, ineligible",2021-11-09,6090,191148
pfizer,BNT162b2,az-az,ineligible,"Boosted, ineligible",2021-11-10,6510,197658
pfizer,BNT162b2,az-az,ineligible,"Boosted, ineligible",2021-11-11,6180,203838
pfizer,BNT162b2,az-az,ineligible,"Boosted, ineligible",2021-11-12,6702,210540
pfizer,BNT162b2,az-az,ineligible,"Boosted, ineligible",2021-11-13,11130,221670
pfizer,BNT162b2,az-az,ineligible,"Boosted, ineligible",2021-11-14,4386,226056
pfizer,BNT162b2,az-az,ineligible,"Boosted, ineligible",2021-11-15,4512,230568
pfizer,BNT162b2,az-az,ineligible,"Boosted, ineligible",2021-11-16,6276,236844
pfizer,BNT162b2,az-az,ineligible,"Boosted, ineligible",2021-11-17,7098,243942
pfizer,BNT162b2,az-az,ineligible,"Boosted, ineligible",2021-11-18,6900,250842
pfizer,BNT162b2,az-az,ineligible,"Boosted, ineligible",2021-11-19,7110,257952
pfizer,BNT162b2,az-az,ineligible,"Boosted, ineligible",2021-11-20,11874,269826
pfizer,BNT162b2,az-az,ineligible,"Boosted, ineligible",2021-11-21,4578,274404
pfizer,BNT162b2,az-az,ineligible,"Boosted, ineligible",2021-11-22,5340,279744
pfizer,BNT162b2,az-az,ineligible,"Boosted, ineligible",2021-11-23,6564,286308
pfizer,BNT162b2,az-az,ineligible,"Boosted, ineligible",2021-11-24,7530,293838
pfizer,BNT162b2,az-az,ineligible,"Boosted, ineligible",2021-11-25,8094,301932
pfizer,BNT162b2,az-az,ineligible,"Boosted, ineligible",2021-11-26,7224,309156
pfizer,BNT162b2,az-az,ineligible,"Boosted, ineligible",2021-11-27,12396,321552
pfizer,BNT162b2,az-az,ineligible,"Boosted, ineligible",2021-11-28,5316,326868
pfizer,BNT162b2,az-az,ineligible,"Boosted, ineligible",2021-11-29,5574,332442
pfizer,BNT162b2,az-az,ineligible,"Boosted, ineligible",2021-11-30,7596,340038
pfizer,BNT162b2,az-az,ineligible,"Boosted, ineligible",2021-12-01,8346,348384
pfizer,BNT162b2,az-az,ineligible,"Boosted, ineligible",2021-12-02,8904,357288
pfizer,BNT162b2,az-az,ineligible,"Boosted, ineligible",2021-12-03,8142,365430
pfizer,BNT162b2,az-az,ineligible,"Boosted, ineligible",2021-12-04,11436,376866
pfizer,BNT162b2,az-az,ineligible,"Boosted, ineligible",2021-12-05,4998,381864
pfizer,BNT162b2,az-az,ineligible,"Boosted, ineligible",2021-12-06,5736,387600
pfizer,BNT162b2,az-az,ineligible,"Boosted, ineligible",2021-12-07,7512,395112
pfizer,BNT162b2,az-az,ineligible,"Boosted, ineligible",2021-12-08,9468,404580
pfizer,BNT162b2,az-az,ineligible,"Boosted, ineligible",2021-12-09,9822,414402
pfizer,BNT162b2,az-az,ineligible,"Boosted, ineligible",2021-12-10,8586,422988
pfizer,BNT162b2,az-az,ineligible,"Boosted, ineligible",2021-12-11,12774,435762
pfizer,BNT162b2,az-az,ineligible,"Boosted, ineligible",2021-12-12,7908,443670
pfizer,BNT162b2,az-az,ineligible,"Boosted, ineligible",2021-12-13,7308,450978
pfizer,BNT162b2,az-az,ineligible,"Boosted, ineligible",2021-12-14,10392,461370
pfizer,BNT162b2,az-az,ineligible,"Boosted, ineligible",2021-12-15,11616,472986
pfizer,BNT162b2,az-az,ineligible,"Boosted, ineligible",2021-12-16,14736,487722
pfizer,BNT162b2,az-az,unmatched,"Boosted, eligible, unmatched",2021-09-16,0,0
pfizer,BNT162b2,az-az,unmatched,"Boosted, eligible, unmatched",2021-09-17,6,6
pfizer,BNT162b2,az-az,unmatched,"Boosted, eligible, unmatched",2021-09-18,0,6
pfizer,BNT162b2,az-az,unmatched,"Boosted, eligible, unmatched",2021-09-19,0,6
pfizer,BNT162b2,az-az,unmatched,"Boosted, eligible, unmatched",2021-09-20,0,6
pfizer,BNT162b2,az-az,unmatched,"Boosted, eligible, unmatched",2021-09-21,0,6
pfizer,BNT162b2,az-az,unmatched,"Boosted, eligible, unmatched",2021-09-22,0,6
pfizer,BNT162b2,az-az,unmatched,"Boosted, eligible, unmatched",2021-09-23,0,6
pfizer,BNT162b2,az-az,unmatched,"Boosted, eligible, unmatched",2021-09-24,0,6
pfizer,BNT162b2,az-az,unmatched,"Boosted, eligible, unmatched",2021-09-25,0,6
pfizer,BNT162b2,az-az,unmatched,"Boosted, eligible, unmatched",2021-09-26,0,6
pfizer,BNT162b2,az-az,unmatched,"Boosted, eligible, unmatched",2021-09-27,0,6
pfizer,BNT162b2,az-az,unmatched,"Boosted, eligible, unmatched",2021-09-28,6,12
pfizer,BNT162b2,az-az,unmatched,"Boosted, eligible, unmatched",2021-09-29,6,18
pfizer,BNT162b2,az-az,unmatched,"Boosted, eligible, unmatched",2021-09-30,6,24
pfizer,BNT162b2,az-az,unmatched,"Boosted, eligible, unmatched",2021-10-01,6,30
pfizer,BNT162b2,az-az,unmatched,"Boosted, eligible, unmatched",2021-10-02,6,36
pfizer,BNT162b2,az-az,unmatched,"Boosted, eligible, unmatched",2021-10-03,12,48
pfizer,BNT162b2,az-az,unmatched,"Boosted, eligible, unmatched",2021-10-04,6,54
pfizer,BNT162b2,az-az,unmatched,"Boosted, eligible, unmatched",2021-10-05,6,60
pfizer,BNT162b2,az-az,unmatched,"Boosted, eligible, unmatched",2021-10-06,6,66
pfizer,BNT162b2,az-az,unmatched,"Boosted, eligible, unmatched",2021-10-07,18,84
pfizer,BNT162b2,az-az,unmatched,"Boosted, eligible, unmatched",2021-10-08,6,90
pfizer,BNT162b2,az-az,unmatched,"Boosted, eligible, unmatched",2021-10-09,24,114
pfizer,BNT162b2,az-az,unmatched,"Boosted, eligible, unmatched",2021-10-10,6,120
pfizer,BNT162b2,az-az,unmatched,"Boosted, eligible, unmatched",2021-10-11,6,126
pfizer,BNT162b2,az-az,unmatched,"Boosted, eligible, unmatched",2021-10-12,12,138
pfizer,BNT162b2,az-az,unmatched,"Boosted, eligible, unmatched",2021-10-13,18,156
pfizer,BNT162b2,az-az,unmatched,"Boosted, eligible, unmatched",2021-10-14,30,186
pfizer,BNT162b2,az-az,unmatched,"Boosted, eligible, unmatched",2021-10-15,18,204
pfizer,BNT162b2,az-az,unmatched,"Boosted, eligible, unmatched",2021-10-16,60,264
pfizer,BNT162b2,az-az,unmatched,"Boosted, eligible, unmatched",2021-10-17,0,264
pfizer,BNT162b2,az-az,unmatched,"Boosted, eligible, unmatched",2021-10-18,24,288
pfizer,BNT162b2,az-az,unmatched,"Boosted, eligible, unmatched",2021-10-19,30,318
pfizer,BNT162b2,az-az,unmatched,"Boosted, eligible, unmatched",2021-10-20,42,360
pfizer,BNT162b2,az-az,unmatched,"Boosted, eligible, unmatched",2021-10-21,138,498
pfizer,BNT162b2,az-az,unmatched,"Boosted, eligible, unmatched",2021-10-22,264,762
pfizer,BNT162b2,az-az,unmatched,"Boosted, eligible, unmatched",2021-10-23,516,1278
pfizer,BNT162b2,az-az,unmatched,"Boosted, eligible, unmatched",2021-10-24,144,1422
pfizer,BNT162b2,az-az,unmatched,"Boosted, eligible, unmatched",2021-10-25,204,1626
pfizer,BNT162b2,az-az,unmatched,"Boosted, eligible, unmatched",2021-10-26,240,1866
pfizer,BNT162b2,az-az,unmatched,"Boosted, eligible, unmatched",2021-10-27,270,2136
pfizer,BNT162b2,az-az,unmatched,"Boosted, eligible, unmatched",2021-10-28,396,2532
pfizer,BNT162b2,az-az,unmatched,"Boosted, eligible, unmatched",2021-10-29,444,2976
pfizer,BNT162b2,az-az,unmatched,"Boosted, eligible, unmatched",2021-10-30,1344,4320
pfizer,BNT162b2,az-az,unmatched,"Boosted, eligible, unmatched",2021-10-31,618,4938
pfizer,BNT162b2,az-az,unmatched,"Boosted, eligible, unmatched",2021-11-01,846,5784
pfizer,BNT162b2,az-az,unmatched,"Boosted, eligible, unmatched",2021-11-02,1344,7128
pfizer,BNT162b2,az-az,unmatched,"Boosted, eligible, unmatched",2021-11-03,2514,9642
pfizer,BNT162b2,az-az,unmatched,"Boosted, eligible, unmatched",2021-11-04,3468,13110
pfizer,BNT162b2,az-az,unmatched,"Boosted, eligible, unmatched",2021-11-05,3888,16998
pfizer,BNT162b2,az-az,unmatched,"Boosted, eligible, unmatched",2021-11-06,8790,25788
pfizer,BNT162b2,az-az,unmatched,"Boosted, eligible, unmatched",2021-11-07,2820,28608
pfizer,BNT162b2,az-az,unmatched,"Boosted, eligible, unmatched",2021-11-08,4272,32880
pfizer,BNT162b2,az-az,unmatched,"Boosted, eligible, unmatched",2021-11-09,7002,39882
pfizer,BNT162b2,az-az,unmatched,"Boosted, eligible, unmatched",2021-11-10,7890,47772
pfizer,BNT162b2,az-az,unmatched,"Boosted, eligible, unmatched",2021-11-11,8142,55914
pfizer,BNT162b2,az-az,unmatched,"Boosted, eligible, unmatched",2021-11-12,8988,64902
pfizer,BNT162b2,az-az,unmatched,"Boosted, eligible, unmatched",2021-11-13,20130,85032
pfizer,BNT162b2,az-az,unmatched,"Boosted, eligible, unmatched",2021-11-14,6270,91302
pfizer,BNT162b2,az-az,unmatched,"Boosted, eligible, unmatched",2021-11-15,6348,97650
pfizer,BNT162b2,az-az,unmatched,"Boosted, eligible, unmatched",2021-11-16,9054,106704
pfizer,BNT162b2,az-az,unmatched,"Boosted, eligible, unmatched",2021-11-17,10404,117108
pfizer,BNT162b2,az-az,unmatched,"Boosted, eligible, unmatched",2021-11-18,9876,126984
pfizer,BNT162b2,az-az,unmatched,"Boosted, eligible, unmatched",2021-11-19,7740,134724
pfizer,BNT162b2,az-az,unmatched,"Boosted, eligible, unmatched",2021-11-20,13926,148650
pfizer,BNT162b2,az-az,unmatched,"Boosted, eligible, unmatched",2021-11-21,4860,153510
pfizer,BNT162b2,az-az,unmatched,"Boosted, eligible, unmatched",2021-11-22,5544,159054
pfizer,BNT162b2,az-az,unmatched,"Boosted, eligible, unmatched",2021-11-23,7182,166236
pfizer,BNT162b2,az-az,unmatched,"Boosted, eligible, unmatched",2021-11-24,8646,174882
pfizer,BNT162b2,az-az,unmatched,"Boosted, eligible, unmatched",2021-11-25,9084,183966
pfizer,BNT162b2,az-az,unmatched,"Boosted, eligible, unmatched",2021-11-26,7686,191652
pfizer,BNT162b2,az-az,unmatched,"Boosted, eligible, unmatched",2021-11-27,13434,205086
pfizer,BNT162b2,az-az,unmatched,"Boosted, eligible, unmatched",2021-11-28,5142,210228
pfizer,BNT162b2,az-az,unmatched,"Boosted, eligible, unmatched",2021-11-29,5328,215556
pfizer,BNT162b2,az-az,unmatched,"Boosted, eligible, unmatched",2021-11-30,6792,222348
pfizer,BNT162b2,az-az,unmatched,"Boosted, eligible, unmatched",2021-12-01,8118,230466
pfizer,BNT162b2,az-az,unmatched,"Boosted, eligible, unmatched",2021-12-02,7074,237540
pfizer,BNT162b2,az-az,unmatched,"Boosted, eligible, unmatched",2021-12-03,5406,242946
pfizer,BNT162b2,az-az,unmatched,"Boosted, eligible, unmatched",2021-12-04,8556,251502
pfizer,BNT162b2,az-az,unmatched,"Boosted, eligible, unmatched",2021-12-05,2646,254148
pfizer,BNT162b2,az-az,unmatched,"Boosted, eligible, unmatched",2021-12-06,2958,257106
pfizer,BNT162b2,az-az,unmatched,"Boosted, eligible, unmatched",2021-12-07,4494,261600
pfizer,BNT162b2,az-az,unmatched,"Boosted, eligible, unmatched",2021-12-08,5556,267156
pfizer,BNT162b2,az-az,unmatched,"Boosted, eligible, unmatched",2021-12-09,5616,272772
pfizer,BNT162b2,az-az,unmatched,"Boosted, eligible, unmatched",2021-12-10,4800,277572
pfizer,BNT162b2,az-az,unmatched,"Boosted, eligible, unmatched",2021-12-11,6918,284490
pfizer,BNT162b2,az-az,unmatched,"Boosted, eligible, unmatched",2021-12-12,3486,287976
pfizer,BNT162b2,az-az,unmatched,"Boosted, eligible, unmatched",2021-12-13,3660,291636
pfizer,BNT162b2,az-az,unmatched,"Boosted, eligible, unmatched",2021-12-14,5142,296778
pfizer,BNT162b2,az-az,unmatched,"Boosted, eligible, unmatched",2021-12-15,6336,303114
pfizer,BNT162b2,az-az,unmatched,"Boosted, eligible, unmatched",2021-12-16,8358,311472
pfizer,BNT162b2,az-az,matched,"Boosted, eligible, matched",2021-09-16,0,0
pfizer,BNT162b2,az-az,matched,"Boosted, eligible, matched",2021-09-17,96,96
pfizer,BNT162b2,az-az,matched,"Boosted, eligible, matched",2021-09-18,0,96
pfizer,BNT162b2,az-az,matched,"Boosted, eligible, matched",2021-09-19,0,96
pfizer,BNT162b2,az-az,matched,"Boosted, eligible, matched",2021-09-20,0,96
pfizer,BNT162b2,az-az,matched,"Boosted, eligible, matched",2021-09-21,0,96
pfizer,BNT162b2,az-az,matched,"Boosted, eligible, matched",2021-09-22,0,96
pfizer,BNT162b2,az-az,matched,"Boosted, eligible, matched",2021-09-23,0,96
pfizer,BNT162b2,az-az,matched,"Boosted, eligible, matched",2021-09-24,366,462
pfizer,BNT162b2,az-az,matched,"Boosted, eligible, matched",2021-09-25,738,1200
pfizer,BNT162b2,az-az,matched,"Boosted, eligible, matched",2021-09-26,516,1716
pfizer,BNT162b2,az-az,matched,"Boosted, eligible, matched",2021-09-27,936,2652
pfizer,BNT162b2,az-az,matched,"Boosted, eligible, matched",2021-09-28,1560,4212
pfizer,BNT162b2,az-az,matched,"Boosted, eligible, matched",2021-09-29,3312,7524
pfizer,BNT162b2,az-az,matched,"Boosted, eligible, matched",2021-09-30,4404,11928
pfizer,BNT162b2,az-az,matched,"Boosted, eligible, matched",2021-10-01,5742,17670
pfizer,BNT162b2,az-az,matched,"Boosted, eligible, matched",2021-10-02,10590,28260
pfizer,BNT162b2,az-az,matched,"Boosted, eligible, matched",2021-10-03,3366,31626
pfizer,BNT162b2,az-az,matched,"Boosted, eligible, matched",2021-10-04,4890,36516
pfizer,BNT162b2,az-az,matched,"Boosted, eligible, matched",2021-10-05,6204,42720
pfizer,BNT162b2,az-az,matched,"Boosted, eligible, matched",2021-10-06,9432,52152
pfizer,BNT162b2,az-az,matched,"Boosted, eligible, matched",2021-10-07,10968,63120
pfizer,BNT162b2,az-az,matched,"Boosted, eligible, matched",2021-10-08,12234,75354
pfizer,BNT162b2,az-az,matched,"Boosted, eligible, matched",2021-10-09,21666,97020
pfizer,BNT162b2,az-az,matched,"Boosted, eligible, matched",2021-10-10,6456,103476
pfizer,BNT162b2,az-az,matched,"Boosted, eligible, matched",2021-10-11,9798,113274
pfizer,BNT162b2,az-az,matched,"Boosted, eligible, matched",2021-10-12,13728,127002
pfizer,BNT162b2,az-az,matched,"Boosted, eligible, matched",2021-10-13,16746,143748
pfizer,BNT162b2,az-az,matched,"Boosted, eligible, matched",2021-10-14,21264,165012
pfizer,BNT162b2,az-az,matched,"Boosted, eligible, matched",2021-10-15,21174,186186
pfizer,BNT162b2,az-az,matched,"Boosted, eligible, matched",2021-10-16,39204,225390
pfizer,BNT162b2,az-az,matched,"Boosted, eligible, matched",2021-10-17,11754,237144
pfizer,BNT162b2,az-az,matched,"Boosted, eligible, matched",2021-10-18,13902,251046
pfizer,BNT162b2,az-az,matched,"Boosted, eligible, matched",2021-10-19,21858,272904
pfizer,BNT162b2,az-az,matched,"Boosted, eligible, matched",2021-10-20,30330,303234
pfizer,BNT162b2,az-az,matched,"Boosted, eligible, matched",2021-10-21,34566,337800
pfizer,BNT162b2,az-az,matched,"Boosted, eligible, matched",2021-10-22,33348,371148
pfizer,BNT162b2,az-az,matched,"Boosted, eligible, matched",2021-10-23,52428,423576
pfizer,BNT162b2,az-az,matched,"Boosted, eligible, matched",2021-10-24,20982,444558
pfizer,BNT162b2,az-az,matched,"Boosted, eligible, matched",2021-10-25,22338,466896
pfizer,BNT162b2,az-az,matched,"Boosted, eligible, matched",2021-10-26,30090,496986
pfizer,BNT162b2,az-az,matched,"Boosted, eligible, matched",2021-10-27,35448,532434
pfizer,BNT162b2,az-az,matched,"Boosted, eligible, matched",2021-10-28,36582,569016
pfizer,BNT162b2,az-az,matched,"Boosted, eligible, matched",2021-10-29,36696,605712
pfizer,BNT162b2,az-az,matched,"Boosted, eligible, matched",2021-10-30,59268,664980
pfizer,BNT162b2,az-az,matched,"Boosted, eligible, matched",2021-10-31,24168,689148
pfizer,BNT162b2,az-az,matched,"Boosted, eligible, matched",2021-11-01,30900,720048
pfizer,BNT162b2,az-az,matched,"Boosted, eligible, matched",2021-11-02,38886,758934
pfizer,BNT162b2,az-az,matched,"Boosted, eligible, matched",2021-11-03,43284,802218
pfizer,BNT162b2,az-az,matched,"Boosted, eligible, matched",2021-11-04,46044,848262
pfizer,BNT162b2,az-az,matched,"Boosted, eligible, matched",2021-11-05,43710,891972
pfizer,BNT162b2,az-az,matched,"Boosted, eligible, matched",2021-11-06,66972,958944
pfizer,BNT162b2,az-az,matched,"Boosted, eligible, matched",2021-11-07,30816,989760
pfizer,BNT162b2,az-az,matched,"Boosted, eligible, matched",2021-11-08,34086,1023846
pfizer,BNT162b2,az-az,matched,"Boosted, eligible, matched",2021-11-09,39000,1062846
pfizer,BNT162b2,az-az,matched,"Boosted, eligible, matched",2021-11-10,41604,1104450
pfizer,BNT162b2,az-az,matched,"Boosted, eligible, matched",2021-11-11,38178,1142628
pfizer,BNT162b2,az-az,matched,"Boosted, eligible, matched",2021-11-12,38454,1181082
pfizer,BNT162b2,az-az,matched,"Boosted, eligible, matched",2021-11-13,59190,1240272
pfizer,BNT162b2,az-az,matched,"Boosted, eligible, matched",2021-11-14,24468,1264740
pfizer,BNT162b2,az-az,matched,"Boosted, eligible, matched",2021-11-15,25074,1289814
pfizer,BNT162b2,az-az,matched,"Boosted, eligible, matched",2021-11-16,33168,1322982
pfizer,BNT162b2,az-az,matched,"Boosted, eligible, matched",2021-11-17,37968,1360950
pfizer,BNT162b2,az-az,matched,"Boosted, eligible, matched",2021-11-18,38886,1399836
pfizer,BNT162b2,az-az,matched,"Boosted, eligible, matched",2021-11-19,38508,1438344
pfizer,BNT162b2,az-az,matched,"Boosted, eligible, matched",2021-11-20,64710,1503054
pfizer,BNT162b2,az-az,matched,"Boosted, eligible, matched",2021-11-21,27138,1530192
pfizer,BNT162b2,az-az,matched,"Boosted, eligible, matched",2021-11-22,29436,1559628
pfizer,BNT162b2,az-az,matched,"Boosted, eligible, matched",2021-11-23,35892,1595520
pfizer,BNT162b2,az-az,matched,"Boosted, eligible, matched",2021-11-24,41202,1636722
pfizer,BNT162b2,az-az,matched,"Boosted, eligible, matched",2021-11-25,39672,1676394
pfizer,BNT162b2,az-az,matched,"Boosted, eligible, matched",2021-11-26,37110,1713504
pfizer,BNT162b2,az-az,matched,"Boosted, eligible, matched",2021-11-27,64458,1777962
pfizer,BNT162b2,az-az,matched,"Boosted, eligible, matched",2021-11-28,30948,1808910
pfizer,BNT162b2,az-az,matched,"Boosted, eligible, matched",2021-11-29,29046,1837956
pfizer,BNT162b2,az-az,matched,"Boosted, eligible, matched",2021-11-30,39354,1877310
pfizer,BNT162b2,az-az,matched,"Boosted, eligible, matched",2021-12-01,44034,1921344
pfizer,BNT162b2,az-az,matched,"Boosted, eligible, matched",2021-12-02,44868,1966212
pfizer,BNT162b2,az-az,matched,"Boosted, eligible, matched",2021-12-03,44736,2010948
pfizer,BNT162b2,az-az,matched,"Boosted, eligible, matched",2021-12-04,67512,2078460
pfizer,BNT162b2,az-az,matched,"Boosted, eligible, matched",2021-12-05,33396,2111856
pfizer,BNT162b2,az-az,matched,"Boosted, eligible, matched",2021-12-06,34476,2146332
pfizer,BNT162b2,az-az,matched,"Boosted, eligible, matched",2021-12-07,42426,2188758
pfizer,BNT162b2,az-az,matched,"Boosted, eligible, matched",2021-12-08,51930,2240688
pfizer,BNT162b2,az-az,matched,"Boosted, eligible, matched",2021-12-09,55224,2295912
pfizer,BNT162b2,az-az,matched,"Boosted, eligible, matched",2021-12-10,48444,2344356
pfizer,BNT162b2,az-az,matched,"Boosted, eligible, matched",2021-12-11,74946,2419302
pfizer,BNT162b2,az-az,matched,"Boosted, eligible, matched",2021-12-12,48348,2467650
pfizer,BNT162b2,az-az,matched,"Boosted, eligible, matched",2021-12-13,42150,2509800
pfizer,BNT162b2,az-az,matched,"Boosted, eligible, matched",2021-12-14,58962,2568762
pfizer,BNT162b2,az-az,matched,"Boosted, eligible, matched",2021-12-15,66120,2634882
pfizer,BNT162b2,az-az,matched,"Boosted, eligible, matched",2021-12-16,78102,2712984
pfizer,BNT162b2,pfizer-pfizer,ineligible,"Boosted, ineligible",2021-09-16,570,570
pfizer,BNT162b2,pfizer-pfizer,ineligible,"Boosted, ineligible",2021-09-17,606,1176
pfizer,BNT162b2,pfizer-pfizer,ineligible,"Boosted, ineligible",2021-09-18,954,2130
pfizer,BNT162b2,pfizer-pfizer,ineligible,"Boosted, ineligible",2021-09-19,612,2742
pfizer,BNT162b2,pfizer-pfizer,ineligible,"Boosted, ineligible",2021-09-20,978,3720
pfizer,BNT162b2,pfizer-pfizer,ineligible,"Boosted, ineligible",2021-09-21,3282,7002
pfizer,BNT162b2,pfizer-pfizer,ineligible,"Boosted, ineligible",2021-09-22,6600,13602
pfizer,BNT162b2,pfizer-pfizer,ineligible,"Boosted, ineligible",2021-09-23,6066,19668
pfizer,BNT162b2,pfizer-pfizer,ineligible,"Boosted, ineligible",2021-09-24,7002,26670
pfizer,BNT162b2,pfizer-pfizer,ineligible,"Boosted, ineligible",2021-09-25,9858,36528
pfizer,BNT162b2,pfizer-pfizer,ineligible,"Boosted, ineligible",2021-09-26,3906,40434
pfizer,BNT162b2,pfizer-pfizer,ineligible,"Boosted, ineligible",2021-09-27,5700,46134
pfizer,BNT162b2,pfizer-pfizer,ineligible,"Boosted, ineligible",2021-09-28,7086,53220
pfizer,BNT162b2,pfizer-pfizer,ineligible,"Boosted, ineligible",2021-09-29,10122,63342
pfizer,BNT162b2,pfizer-pfizer,ineligible,"Boosted, ineligible",2021-09-30,10248,73590
pfizer,BNT162b2,pfizer-pfizer,ineligible,"Boosted, ineligible",2021-10-01,9792,83382
pfizer,BNT162b2,pfizer-pfizer,ineligible,"Boosted, ineligible",2021-10-02,15612,98994
pfizer,BNT162b2,pfizer-pfizer,ineligible,"Boosted, ineligible",2021-10-03,5808,104802
pfizer,BNT162b2,pfizer-pfizer,ineligible,"Boosted, ineligible",2021-10-04,6378,111180
pfizer,BNT162b2,pfizer-pfizer,ineligible,"Boosted, ineligible",2021-10-05,9048,120228
pfizer,BNT162b2,pfizer-pfizer,ineligible,"Boosted, ineligible",2021-10-06,10098,130326
pfizer,BNT162b2,pfizer-pfizer,ineligible,"Boosted, ineligible",2021-10-07,9180,139506
pfizer,BNT162b2,pfizer-pfizer,ineligible,"Boosted, ineligible",2021-10-08,9228,148734
pfizer,BNT162b2,pfizer-pfizer,ineligible,"Boosted, ineligible",2021-10-09,16410,165144
pfizer,BNT162b2,pfizer-pfizer,ineligible,"Boosted, ineligible",2021-10-10,5022,170166
pfizer,BNT162b2,pfizer-pfizer,ineligible,"Boosted, ineligible",2021-10-11,5940,176106
pfizer,BNT162b2,pfizer-pfizer,ineligible,"Boosted, ineligible",2021-10-12,7734,183840
pfizer,BNT162b2,pfizer-pfizer,ineligible,"Boosted, ineligible",2021-10-13,8496,192336
pfizer,BNT162b2,pfizer-pfizer,ineligible,"Boosted, ineligible",2021-10-14,8172,200508
pfizer,BNT162b2,pfizer-pfizer,ineligible,"Boosted, ineligible",2021-10-15,8292,208800
pfizer,BNT162b2,pfizer-pfizer,ineligible,"Boosted, ineligible",2021-10-16,13554,222354
pfizer,BNT162b2,pfizer-pfizer,ineligible,"Boosted, ineligible",2021-10-17,3984,226338
pfizer,BNT162b2,pfizer-pfizer,ineligible,"Boosted, ineligible",2021-10-18,4686,231024
pfizer,BNT162b2,pfizer-pfizer,ineligible,"Boosted, ineligible",2021-10-19,6714,237738
pfizer,BNT162b2,pfizer-pfizer,ineligible,"Boosted, ineligible",2021-10-20,7254,244992
pfizer,BNT162b2,pfizer-pfizer,ineligible,"Boosted, ineligible",2021-10-21,7386,252378
pfizer,BNT162b2,pfizer-pfizer,ineligible,"Boosted, ineligible",2021-10-22,7674,260052
pfizer,BNT162b2,pfizer-pfizer,ineligible,"Boosted, ineligible",2021-10-23,11022,271074
pfizer,BNT162b2,pfizer-pfizer,ineligible,"Boosted, ineligible",2021-10-24,3990,275064
pfizer,BNT162b2,pfizer-pfizer,ineligible,"Boosted, ineligible",2021-10-25,4698,279762
pfizer,BNT162b2,pfizer-pfizer,ineligible,"Boosted, ineligible",2021-10-26,6006,285768
pfizer,BNT162b2,pfizer-pfizer,ineligible,"Boosted, ineligible",2021-10-27,6066,291834
pfizer,BNT162b2,pfizer-pfizer,ineligible,"Boosted, ineligible",2021-10-28,5976,297810
pfizer,BNT162b2,pfizer-pfizer,ineligible,"Boosted, ineligible",2021-10-29,6204,304014
pfizer,BNT162b2,pfizer-pfizer,ineligible,"Boosted, ineligible",2021-10-30,9294,313308
pfizer,BNT162b2,pfizer-pfizer,ineligible,"Boosted, ineligible",2021-10-31,3048,316356
pfizer,BNT162b2,pfizer-pfizer,ineligible,"Boosted, ineligible",2021-11-01,4050,320406
pfizer,BNT162b2,pfizer-pfizer,ineligible,"Boosted, ineligible",2021-11-02,5550,325956
pfizer,BNT162b2,pfizer-pfizer,ineligible,"Boosted, ineligible",2021-11-03,5472,331428
pfizer,BNT162b2,pfizer-pfizer,ineligible,"Boosted, ineligible",2021-11-04,5868,337296
pfizer,BNT162b2,pfizer-pfizer,ineligible,"Boosted, ineligible",2021-11-05,5598,342894
pfizer,BNT162b2,pfizer-pfizer,ineligible,"Boosted, ineligible",2021-11-06,9276,352170
pfizer,BNT162b2,pfizer-pfizer,ineligible,"Boosted, ineligible",2021-11-07,3516,355686
pfizer,BNT162b2,pfizer-pfizer,ineligible,"Boosted, ineligible",2021-11-08,3846,359532
pfizer,BNT162b2,pfizer-pfizer,ineligible,"Boosted, ineligible",2021-11-09,5022,364554
pfizer,BNT162b2,pfizer-pfizer,ineligible,"Boosted, ineligible",2021-11-10,5316,369870
pfizer,BNT162b2,pfizer-pfizer,ineligible,"Boosted, ineligible",2021-11-11,5208,375078
pfizer,BNT162b2,pfizer-pfizer,ineligible,"Boosted, ineligible",2021-11-12,5226,380304
pfizer,BNT162b2,pfizer-pfizer,ineligible,"Boosted, ineligible",2021-11-13,8004,388308
pfizer,BNT162b2,pfizer-pfizer,ineligible,"Boosted, ineligible",2021-11-14,3114,391422
pfizer,BNT162b2,pfizer-pfizer,ineligible,"Boosted, ineligible",2021-11-15,3078,394500
pfizer,BNT162b2,pfizer-pfizer,ineligible,"Boosted, ineligible",2021-11-16,4344,398844
pfizer,BNT162b2,pfizer-pfizer,ineligible,"Boosted, ineligible",2021-11-17,4308,403152
pfizer,BNT162b2,pfizer-pfizer,ineligible,"Boosted, ineligible",2021-11-18,3936,407088
pfizer,BNT162b2,pfizer-pfizer,ineligible,"Boosted, ineligible",2021-11-19,3888,410976
pfizer,BNT162b2,pfizer-pfizer,ineligible,"Boosted, ineligible",2021-11-20,6672,417648
pfizer,BNT162b2,pfizer-pfizer,ineligible,"Boosted, ineligible",2021-11-21,2178,419826
pfizer,BNT162b2,pfizer-pfizer,ineligible,"Boosted, ineligible",2021-11-22,2136,421962
pfizer,BNT162b2,pfizer-pfizer,ineligible,"Boosted, ineligible",2021-11-23,3042,425004
pfizer,BNT162b2,pfizer-pfizer,ineligible,"Boosted, ineligible",2021-11-24,3048,428052
pfizer,BNT162b2,pfizer-pfizer,ineligible,"Boosted, ineligible",2021-11-25,3492,431544
pfizer,BNT162b2,pfizer-pfizer,ineligible,"Boosted, ineligible",2021-11-26,2934,434478
pfizer,BNT162b2,pfizer-pfizer,ineligible,"Boosted, ineligible",2021-11-27,5130,439608
pfizer,BNT162b2,pfizer-pfizer,ineligible,"Boosted, ineligible",2021-11-28,1836,441444
pfizer,BNT162b2,pfizer-pfizer,ineligible,"Boosted, ineligible",2021-11-29,1926,443370
pfizer,BNT162b2,pfizer-pfizer,ineligible,"Boosted, ineligible",2021-11-30,2796,446166
pfizer,BNT162b2,pfizer-pfizer,ineligible,"Boosted, ineligible",2021-12-01,2808,448974
pfizer,BNT162b2,pfizer-pfizer,ineligible,"Boosted, ineligible",2021-12-02,3198,452172
pfizer,BNT162b2,pfizer-pfizer,ineligible,"Boosted, ineligible",2021-12-03,3072,455244
pfizer,BNT162b2,pfizer-pfizer,ineligible,"Boosted, ineligible",2021-12-04,3996,459240
pfizer,BNT162b2,pfizer-pfizer,ineligible,"Boosted, ineligible",2021-12-05,1332,460572
pfizer,BNT162b2,pfizer-pfizer,ineligible,"Boosted, ineligible",2021-12-06,1806,462378
pfizer,BNT162b2,pfizer-pfizer,ineligible,"Boosted, ineligible",2021-12-07,2262,464640
pfizer,BNT162b2,pfizer-pfizer,ineligible,"Boosted, ineligible",2021-12-08,2982,467622
pfizer,BNT162b2,pfizer-pfizer,ineligible,"Boosted, ineligible",2021-12-09,3492,471114
pfizer,BNT162b2,pfizer-pfizer,ineligible,"Boosted, ineligible",2021-12-10,3018,474132
pfizer,BNT162b2,pfizer-pfizer,ineligible,"Boosted, ineligible",2021-12-11,4290,478422
pfizer,BNT162b2,pfizer-pfizer,ineligible,"Boosted, ineligible",2021-12-12,2706,481128
pfizer,BNT162b2,pfizer-pfizer,ineligible,"Boosted, ineligible",2021-12-13,3984,485112
pfizer,BNT162b2,pfizer-pfizer,ineligible,"Boosted, ineligible",2021-12-14,7890,493002
pfizer,BNT162b2,pfizer-pfizer,ineligible,"Boosted, ineligible",2021-12-15,12156,505158
pfizer,BNT162b2,pfizer-pfizer,ineligible,"Boosted, ineligible",2021-12-16,16140,521298
pfizer,BNT162b2,pfizer-pfizer,unmatched,"Boosted, eligible, unmatched",2021-09-16,0,0
pfizer,BNT162b2,pfizer-pfizer,unmatched,"Boosted, eligible, unmatched",2021-09-17,0,0
pfizer,BNT162b2,pfizer-pfizer,unmatched,"Boosted, eligible, unmatched",2021-09-18,0,0
pfizer,BNT162b2,pfizer-pfizer,unmatched,"Boosted, eligible, unmatched",2021-09-19,6,6
pfizer,BNT162b2,pfizer-pfizer,unmatched,"Boosted, eligible, unmatched",2021-09-20,0,6
pfizer,BNT162b2,pfizer-pfizer,unmatched,"Boosted, eligible, unmatched",2021-09-21,0,6
pfizer,BNT162b2,pfizer-pfizer,unmatched,"Boosted, eligible, unmatched",2021-09-22,0,6
pfizer,BNT162b2,pfizer-pfizer,unmatched,"Boosted, eligible, unmatched",2021-09-23,0,6
pfizer,BNT162b2,pfizer-pfizer,unmatched,"Boosted, eligible, unmatched",2021-09-24,12,18
pfizer,BNT162b2,pfizer-pfizer,unmatched,"Boosted, eligible, unmatched",2021-09-25,24,42
pfizer,BNT162b2,pfizer-pfizer,unmatched,"Boosted, eligible, unmatched",2021-09-26,6,48
pfizer,BNT162b2,pfizer-pfizer,unmatched,"Boosted, eligible, unmatched",2021-09-27,30,78
pfizer,BNT162b2,pfizer-pfizer,unmatched,"Boosted, eligible, unmatched",2021-09-28,18,96
pfizer,BNT162b2,pfizer-pfizer,unmatched,"Boosted, eligible, unmatched",2021-09-29,42,138
pfizer,BNT162b2,pfizer-pfizer,unmatched,"Boosted, eligible, unmatched",2021-09-30,60,198
pfizer,BNT162b2,pfizer-pfizer,unmatched,"Boosted, eligible, unmatched",2021-10-01,78,276
pfizer,BNT162b2,pfizer-pfizer,unmatched,"Boosted, eligible, unmatched",2021-10-02,192,468
pfizer,BNT162b2,pfizer-pfizer,unmatched,"Boosted, eligible, unmatched",2021-10-03,120,588
pfizer,BNT162b2,pfizer-pfizer,unmatched,"Boosted, eligible, unmatched",2021-10-04,276,864
pfizer,BNT162b2,pfizer-pfizer,unmatched,"Boosted, eligible, unmatched",2021-10-05,624,1488
pfizer,BNT162b2,pfizer-pfizer,unmatched,"Boosted, eligible, unmatched",2021-10-06,960,2448
pfizer,BNT162b2,pfizer-pfizer,unmatched,"Boosted, eligible, unmatched",2021-10-07,1074,3522
pfizer,BNT162b2,pfizer-pfizer,unmatched,"Boosted, eligible, unmatched",2021-10-08,1380,4902
pfizer,BNT162b2,pfizer-pfizer,unmatched,"Boosted, eligible, unmatched",2021-10-09,3210,8112
pfizer,BNT162b2,pfizer-pfizer,unmatched,"Boosted, eligible, unmatched",2021-10-10,1128,9240
pfizer,BNT162b2,pfizer-pfizer,unmatched,"Boosted, eligible, unmatched",2021-10-11,1254,10494
pfizer,BNT162b2,pfizer-pfizer,unmatched,"Boosted, eligible, unmatched",2021-10-12,1716,12210
pfizer,BNT162b2,pfizer-pfizer,unmatched,"Boosted, eligible, unmatched",2021-10-13,1662,13872
pfizer,BNT162b2,pfizer-pfizer,unmatched,"Boosted, eligible, unmatched",2021-10-14,1830,15702
pfizer,BNT162b2,pfizer-pfizer,unmatched,"Boosted, eligible, unmatched",2021-10-15,1536,17238
pfizer,BNT162b2,pfizer-pfizer,unmatched,"Boosted, eligible, unmatched",2021-10-16,3102,20340
pfizer,BNT162b2,pfizer-pfizer,unmatched,"Boosted, eligible, unmatched",2021-10-17,756,21096
pfizer,BNT162b2,pfizer-pfizer,unmatched,"Boosted, eligible, unmatched",2021-10-18,1128,22224
pfizer,BNT162b2,pfizer-pfizer,unmatched,"Boosted, eligible, unmatched",2021-10-19,2238,24462
pfizer,BNT162b2,pfizer-pfizer,unmatched,"Boosted, eligible, unmatched",2021-10-20,4458,28920
pfizer,BNT162b2,pfizer-pfizer,unmatched,"Boosted, eligible, unmatched",2021-10-21,4680,33600
pfizer,BNT162b2,pfizer-pfizer,unmatched,"Boosted, eligible, unmatched",2021-10-22,4866,38466
pfizer,BNT162b2,pfizer-pfizer,unmatched,"Boosted, eligible, unmatched",2021-10-23,8406,46872
pfizer,BNT162b2,pfizer-pfizer,unmatched,"Boosted, eligible, unmatched",2021-10-24,3276,50148
pfizer,BNT162b2,pfizer-pfizer,unmatched,"Boosted, eligible, unmatched",2021-10-25,4194,54342
pfizer,BNT162b2,pfizer-pfizer,unmatched,"Boosted, eligible, unmatched",2021-10-26,5994,60336
pfizer,BNT162b2,pfizer-pfizer,unmatched,"Boosted, eligible, unmatched",2021-10-27,6000,66336
pfizer,BNT162b2,pfizer-pfizer,unmatched,"Boosted, eligible, unmatched",2021-10-28,7038,73374
pfizer,BNT162b2,pfizer-pfizer,unmatched,"Boosted, eligible, unmatched",2021-10-29,7500,80874
pfizer,BNT162b2,pfizer-pfizer,unmatched,"Boosted, eligible, unmatched",2021-10-30,12768,93642
pfizer,BNT162b2,pfizer-pfizer,unmatched,"Boosted, eligible, unmatched",2021-10-31,4668,98310
pfizer,BNT162b2,pfizer-pfizer,unmatched,"Boosted, eligible, unmatched",2021-11-01,5886,104196
pfizer,BNT162b2,pfizer-pfizer,unmatched,"Boosted, eligible, unmatched",2021-11-02,7506,111702
pfizer,BNT162b2,pfizer-pfizer,unmatched,"Boosted, eligible, unmatched",2021-11-03,7908,119610
pfizer,BNT162b2,pfizer-pfizer,unmatched,"Boosted, eligible, unmatched",2021-11-04,10620,130230
pfizer,BNT162b2,pfizer-pfizer,unmatched,"Boosted, eligible, unmatched",2021-11-05,9936,140166
pfizer,BNT162b2,pfizer-pfizer,unmatched,"Boosted, eligible, unmatched",2021-11-06,18978,159144
pfizer,BNT162b2,pfizer-pfizer,unmatched,"Boosted, eligible, unmatched",2021-11-07,7638,166782
pfizer,BNT162b2,pfizer-pfizer,unmatched,"Boosted, eligible, unmatched",2021-11-08,8130,174912
pfizer,BNT162b2,pfizer-pfizer,unmatched,"Boosted, eligible, unmatched",2021-11-09,10920,185832
pfizer,BNT162b2,pfizer-pfizer,unmatched,"Boosted, eligible, unmatched",2021-11-10,10308,196140
pfizer,BNT162b2,pfizer-pfizer,unmatched,"Boosted, eligible, unmatched",2021-11-11,10494,206634
pfizer,BNT162b2,pfizer-pfizer,unmatched,"Boosted, eligible, unmatched",2021-11-12,9036,215670
pfizer,BNT162b2,pfizer-pfizer,unmatched,"Boosted, eligible, unmatched",2021-11-13,15210,230880
pfizer,BNT162b2,pfizer-pfizer,unmatched,"Boosted, eligible, unmatched",2021-11-14,5184,236064
pfizer,BNT162b2,pfizer-pfizer,unmatched,"Boosted, eligible, unmatched",2021-11-15,4524,240588
pfizer,BNT162b2,pfizer-pfizer,unmatched,"Boosted, eligible, unmatched",2021-11-16,6516,247104
pfizer,BNT162b2,pfizer-pfizer,unmatched,"Boosted, eligible, unmatched",2021-11-17,7140,254244
pfizer,BNT162b2,pfizer-pfizer,unmatched,"Boosted, eligible, unmatched",2021-11-18,7686,261930
pfizer,BNT162b2,pfizer-pfizer,unmatched,"Boosted, eligible, unmatched",2021-11-19,6954,268884
pfizer,BNT162b2,pfizer-pfizer,unmatched,"Boosted, eligible, unmatched",2021-11-20,13188,282072
pfizer,BNT162b2,pfizer-pfizer,unmatched,"Boosted, eligible, unmatched",2021-11-21,4704,286776
pfizer,BNT162b2,pfizer-pfizer,unmatched,"Boosted, eligible, unmatched",2021-11-22,4848,291624
pfizer,BNT162b2,pfizer-pfizer,unmatched,"Boosted, eligible, unmatched",2021-11-23,6750,298374
pfizer,BNT162b2,pfizer-pfizer,unmatched,"Boosted, eligible, unmatched",2021-11-24,6870,305244
pfizer,BNT162b2,pfizer-pfizer,unmatched,"Boosted, eligible, unmatched",2021-11-25,7986,313230
pfizer,BNT162b2,pfizer-pfizer,unmatched,"Boosted, eligible, unmatched",2021-11-26,6150,319380
pfizer,BNT162b2,pfizer-pfizer,unmatched,"Boosted, eligible, unmatched",2021-11-27,12180,331560
pfizer,BNT162b2,pfizer-pfizer,unmatched,"Boosted, eligible, unmatched",2021-11-28,4470,336030
pfizer,BNT162b2,pfizer-pfizer,unmatched,"Boosted, eligible, unmatched",2021-11-29,4014,340044
pfizer,BNT162b2,pfizer-pfizer,unmatched,"Boosted, eligible, unmatched",2021-11-30,5832,345876
pfizer,BNT162b2,pfizer-pfizer,unmatched,"Boosted, eligible, unmatched",2021-12-01,6624,352500
pfizer,BNT162b2,pfizer-pfizer,unmatched,"Boosted, eligible, unmatched",2021-12-02,7092,359592
pfizer,BNT162b2,pfizer-pfizer,unmatched,"Boosted, eligible, unmatched",2021-12-03,6576,366168
pfizer,BNT162b2,pfizer-pfizer,unmatched,"Boosted, eligible, unmatched",2021-12-04,10386,376554
pfizer,BNT162b2,pfizer-pfizer,unmatched,"Boosted, eligible, unmatched",2021-12-05,3360,379914
pfizer,BNT162b2,pfizer-pfizer,unmatched,"Boosted, eligible, unmatched",2021-12-06,3336,383250
pfizer,BNT162b2,pfizer-pfizer,unmatched,"Boosted, eligible, unmatched",2021-12-07,4872,388122
pfizer,BNT162b2,pfizer-pfizer,unmatched,"Boosted, eligible, unmatched",2021-12-08,5490,393612
pfizer,BNT162b2,pfizer-pfizer,unmatched,"Boosted, eligible, unmatched",2021-12-09,5472,399084
pfizer,BNT162b2,pfizer-pfizer,unmatched,"Boosted, eligible, unmatched",2021-12-10,4416,403500
pfizer,BNT162b2,pfizer-pfizer,unmatched,"Boosted, eligible, unmatched",2021-12-11,7038,410538
pfizer,BNT162b2,pfizer-pfizer,unmatched,"Boosted, eligible, unmatched",2021-12-12,3162,413700
pfizer,BNT162b2,pfizer-pfizer,unmatched,"Boosted, eligible, unmatched",2021-12-13,2838,416538
pfizer,BNT162b2,pfizer-pfizer,unmatched,"Boosted, eligible, unmatched",2021-12-14,4284,420822
pfizer,BNT162b2,pfizer-pfizer,unmatched,"Boosted, eligible, unmatched",2021-12-15,4812,425634
pfizer,BNT162b2,pfizer-pfizer,unmatched,"Boosted, eligible, unmatched",2021-12-16,5760,431394
pfizer,BNT162b2,pfizer-pfizer,matched,"Boosted, eligible, matched",2021-09-16,174,174
pfizer,BNT162b2,pfizer-pfizer,matched,"Boosted, eligible, matched",2021-09-17,120,294
pfizer,BNT162b2,pfizer-pfizer,matched,"Boosted, eligible, matched",2021-09-18,930,1224
pfizer,BNT162b2,pfizer-pfizer,matched,"Boosted, eligible, matched",2021-09-19,360,1584
pfizer,BNT162b2,pfizer-pfizer,matched,"Boosted, eligible, matched",2021-09-20,12,1596
pfizer,BNT162b2,pfizer-pfizer,matched,"Boosted, eligible, matched",2021-09-21,1500,3096
pfizer,BNT162b2,pfizer-pfizer,matched,"Boosted, eligible, matched",2021-09-22,5886,8982
pfizer,BNT162b2,pfizer-pfizer,matched,"Boosted, eligible, matched",2021-09-23,8958,17940
pfizer,BNT162b2,pfizer-pfizer,matched,"Boosted, eligible, matched",2021-09-24,14310,32250
pfizer,BNT162b2,pfizer-pfizer,matched,"Boosted, eligible, matched",2021-09-25,18540,50790
pfizer,BNT162b2,pfizer-pfizer,matched,"Boosted, eligible, matched",2021-09-26,9696,60486
pfizer,BNT162b2,pfizer-pfizer,matched,"Boosted, eligible, matched",2021-09-27,12972,73458
pfizer,BNT162b2,pfizer-pfizer,matched,"Boosted, eligible, matched",2021-09-28,15768,89226
pfizer,BNT162b2,pfizer-pfizer,matched,"Boosted, eligible, matched",2021-09-29,23316,112542
pfizer,BNT162b2,pfizer-pfizer,matched,"Boosted, eligible, matched",2021-09-30,25266,137808
pfizer,BNT162b2,pfizer-pfizer,matched,"Boosted, eligible, matched",2021-10-01,24768,162576
pfizer,BNT162b2,pfizer-pfizer,matched,"Boosted, eligible, matched",2021-10-02,35742,198318
pfizer,BNT162b2,pfizer-pfizer,matched,"Boosted, eligible, matched",2021-10-03,16230,214548
pfizer,BNT162b2,pfizer-pfizer,matched,"Boosted, eligible, matched",2021-10-04,17748,232296
pfizer,BNT162b2,pfizer-pfizer,matched,"Boosted, eligible, matched",2021-10-05,23178,255474
pfizer,BNT162b2,pfizer-pfizer,matched,"Boosted, eligible, matched",2021-10-06,31434,286908
pfizer,BNT162b2,pfizer-pfizer,matched,"Boosted, eligible, matched",2021-10-07,30864,317772
pfizer,BNT162b2,pfizer-pfizer,matched,"Boosted, eligible, matched",2021-10-08,31260,349032
pfizer,BNT162b2,pfizer-pfizer,matched,"Boosted, eligible, matched",2021-10-09,47256,396288
pfizer,BNT162b2,pfizer-pfizer,matched,"Boosted, eligible, matched",2021-10-10,19074,415362
pfizer,BNT162b2,pfizer-pfizer,matched,"Boosted, eligible, matched",2021-10-11,20676,436038
pfizer,BNT162b2,pfizer-pfizer,matched,"Boosted, eligible, matched",2021-10-12,25590,461628
pfizer,BNT162b2,pfizer-pfizer,matched,"Boosted, eligible, matched",2021-10-13,30342,491970
pfizer,BNT162b2,pfizer-pfizer,matched,"Boosted, eligible, matched",2021-10-14,31272,523242
pfizer,BNT162b2,pfizer-pfizer,matched,"Boosted, eligible, matched",2021-10-15,29448,552690
pfizer,BNT162b2,pfizer-pfizer,matched,"Boosted, eligible, matched",2021-10-16,47004,599694
pfizer,BNT162b2,pfizer-pfizer,matched,"Boosted, eligible, matched",2021-10-17,16332,616026
pfizer,BNT162b2,pfizer-pfizer,matched,"Boosted, eligible, matched",2021-10-18,18240,634266
pfizer,BNT162b2,pfizer-pfizer,matched,"Boosted, eligible, matched",2021-10-19,25224,659490
pfizer,BNT162b2,pfizer-pfizer,matched,"Boosted, eligible, matched",2021-10-20,28704,688194
pfizer,BNT162b2,pfizer-pfizer,matched,"Boosted, eligible, matched",2021-10-21,30756,718950
pfizer,BNT162b2,pfizer-pfizer,matched,"Boosted, eligible, matched",2021-10-22,33162,752112
pfizer,BNT162b2,pfizer-pfizer,matched,"Boosted, eligible, matched",2021-10-23,40104,792216
pfizer,BNT162b2,pfizer-pfizer,matched,"Boosted, eligible, matched",2021-10-24,17820,810036
pfizer,BNT162b2,pfizer-pfizer,matched,"Boosted, eligible, matched",2021-10-25,18462,828498
pfizer,BNT162b2,pfizer-pfizer,matched,"Boosted, eligible, matched",2021-10-26,22950,851448
pfizer,BNT162b2,pfizer-pfizer,matched,"Boosted, eligible, matched",2021-10-27,25392,876840
pfizer,BNT162b2,pfizer-pfizer,matched,"Boosted, eligible, matched",2021-10-28,23250,900090
pfizer,BNT162b2,pfizer-pfizer,matched,"Boosted, eligible, matched",2021-10-29,24840,924930
pfizer,BNT162b2,pfizer-pfizer,matched,"Boosted, eligible, matched",2021-10-30,35034,959964
pfizer,BNT162b2,pfizer-pfizer,matched,"Boosted, eligible, matched",2021-10-31,12948,972912
pfizer,BNT162b2,pfizer-pfizer,matched,"Boosted, eligible, matched",2021-11-01,16656,989568
pfizer,BNT162b2,pfizer-pfizer,matched,"Boosted, eligible, matched",2021-11-02,21684,1011252
pfizer,BNT162b2,pfizer-pfizer,matched,"Boosted, eligible, matched",2021-11-03,21762,1033014
pfizer,BNT162b2,pfizer-pfizer,matched,"Boosted, eligible, matched",2021-11-04,24168,1057182
pfizer,BNT162b2,pfizer-pfizer,matched,"Boosted, eligible, matched",2021-11-05,22512,1079694
pfizer,BNT162b2,pfizer-pfizer,matched,"Boosted, eligible, matched",2021-11-06,29934,1109628
pfizer,BNT162b2,pfizer-pfizer,matched,"Boosted, eligible, matched",2021-11-07,14046,1123674
pfizer,BNT162b2,pfizer-pfizer,matched,"Boosted, eligible, matched",2021-11-08,15126,1138800
pfizer,BNT162b2,pfizer-pfizer,matched,"Boosted, eligible, matched",2021-11-09,19200,1158000
pfizer,BNT162b2,pfizer-pfizer,matched,"Boosted, eligible, matched",2021-11-10,22410,1180410
pfizer,BNT162b2,pfizer-pfizer,matched,"Boosted, eligible, matched",2021-11-11,19620,1200030
pfizer,BNT162b2,pfizer-pfizer,matched,"Boosted, eligible, matched",2021-11-12,20694,1220724
pfizer,BNT162b2,pfizer-pfizer,matched,"Boosted, eligible, matched",2021-11-13,33480,1254204
pfizer,BNT162b2,pfizer-pfizer,matched,"Boosted, eligible, matched",2021-11-14,14292,1268496
pfizer,BNT162b2,pfizer-pfizer,matched,"Boosted, eligible, matched",2021-11-15,13830,1282326
pfizer,BNT162b2,pfizer-pfizer,matched,"Boosted, eligible, matched",2021-11-16,17256,1299582
pfizer,BNT162b2,pfizer-pfizer,matched,"Boosted, eligible, matched",2021-11-17,19920,1319502
pfizer,BNT162b2,pfizer-pfizer,matched,"Boosted, eligible, matched",2021-11-18,18000,1337502
pfizer,BNT162b2,pfizer-pfizer,matched,"Boosted, eligible, matched",2021-11-19,15408,1352910
pfizer,BNT162b2,pfizer-pfizer,matched,"Boosted, eligible, matched",2021-11-20,26004,1378914
pfizer,BNT162b2,pfizer-pfizer,matched,"Boosted, eligible, matched",2021-11-21,8730,1387644
pfizer,BNT162b2,pfizer-pfizer,matched,"Boosted, eligible, matched",2021-11-22,7278,1394922
pfizer,BNT162b2,pfizer-pfizer,matched,"Boosted, eligible, matched",2021-11-23,9906,1404828
pfizer,BNT162b2,pfizer-pfizer,matched,"Boosted, eligible, matched",2021-11-24,10260,1415088
pfizer,BNT162b2,pfizer-pfizer,matched,"Boosted, eligible, matched",2021-11-25,10548,1425636
pfizer,BNT162b2,pfizer-pfizer,matched,"Boosted, eligible, matched",2021-11-26,8202,1433838
pfizer,BNT162b2,pfizer-pfizer,matched,"Boosted, eligible, matched",2021-11-27,14436,1448274
pfizer,BNT162b2,pfizer-pfizer,matched,"Boosted, eligible, matched",2021-11-28,5286,1453560
pfizer,BNT162b2,pfizer-pfizer,matched,"Boosted, eligible, matched",2021-11-29,4614,1458174
pfizer,BNT162b2,pfizer-pfizer,matched,"Boosted, eligible, matched",2021-11-30,6438,1464612
pfizer,BNT162b2,pfizer-pfizer,matched,"Boosted, eligible, matched",2021-12-01,6486,1471098
pfizer,BNT162b2,pfizer-pfizer,matched,"Boosted, eligible, matched",2021-12-02,5838,1476936
pfizer,BNT162b2,pfizer-pfizer,matched,"Boosted, eligible, matched",2021-12-03,5076,1482012
pfizer,BNT162b2,pfizer-pfizer,matched,"Boosted, eligible, matched",2021-12-04,7110,1489122
pfizer,BNT162b2,pfizer-pfizer,matched,"Boosted, eligible, matched",2021-12-05,2682,1491804
pfizer,BNT162b2,pfizer-pfizer,matched,"Boosted, eligible, matched",2021-12-06,3078,1494882
pfizer,BNT162b2,pfizer-pfizer,matched,"Boosted, eligible, matched",2021-12-07,4056,1498938
pfizer,BNT162b2,pfizer-pfizer,matched,"Boosted, eligible, matched",2021-12-08,5316,1504254
pfizer,BNT162b2,pfizer-pfizer,matched,"Boosted, eligible, matched",2021-12-09,6084,1510338
pfizer,BNT162b2,pfizer-pfizer,matched,"Boosted, eligible, matched",2021-12-10,5046,1515384
pfizer,BNT162b2,pfizer-pfizer,matched,"Boosted, eligible, matched",2021-12-11,9882,1525266
pfizer,BNT162b2,pfizer-pfizer,matched,"Boosted, eligible, matched",2021-12-12,7758,1533024
pfizer,BNT162b2,pfizer-pfizer,matched,"Boosted, eligible, matched",2021-12-13,11142,1544166
pfizer,BNT162b2,pfizer-pfizer,matched,"Boosted, eligible, matched",2021-12-14,21474,1565640
pfizer,BNT162b2,pfizer-pfizer,matched,"Boosted, eligible, matched",2021-12-15,31068,1596708
pfizer,BNT162b2,pfizer-pfizer,matched,"Boosted, eligible, matched",2021-12-16,42732,1639440
