treatment,outcome,subgroup,subgroup_variable,subgroup_level,treatment_descr,outcome_descr,subgroup_descr,subgroup_variable_descr,fup_period,n_0,n_1,yearsatrisk_0,yearsatrisk_1,events_0,events_1,rate_0,rate_1,rr,rrE,rrCI,q_0,q_1
pfizer,postest,vax12_type-pfizer-pfizer,vax12_type,pfizer-pfizer,BNT162b2,Positive SARS-CoV-2 test,Primary vaccine course: BNT162b2-BNT162b2,Primary vaccine course,0-6,1541333,1541333,24843.90691307324,25129.65366187543,3018,2444,0.12147847802520476,0.09725561811891696,0.8005995769780557,0.8,(0.76-0.84),"3,018 / 24,844","2,444 / 25,130"
pfizer,postest,vax12_type-pfizer-pfizer,vax12_type,pfizer-pfizer,BNT162b2,Positive SARS-CoV-2 test,Primary vaccine course: BNT162b2-BNT162b2,Primary vaccine course,7-13,1009563,1043352,16368.219028062971,17254.477754962354,3108,1558,0.1898801570697092,0.09029540169953404,0.475538903553701,0.48,(0.45-0.51),"3,108 / 16,368","1,558 / 17,254"
pfizer,postest,vax12_type-pfizer-pfizer,vax12_type,pfizer-pfizer,BNT162b2,Positive SARS-CoV-2 test,Primary vaccine course: BNT162b2-BNT162b2,Primary vaccine course,14-27,668340,729741,18238.113620807668,21032.120465434633,3526,1007,0.1933313978248948,0.04787914759498265,0.24765324274098519,0.25,(0.23-0.27),"3,526 / 18,238","1,007 / 21,032"
pfizer,postest,vax12_type-pfizer-pfizer,vax12_type,pfizer-pfizer,BNT162b2,Positive SARS-CoV-2 test,Primary vaccine course: BNT162b2-BNT162b2,Primary vaccine course,28-41,306221,379956,8528.678986995208,10810.461327857633,1732,683,0.20307951590639145,0.06317954241600841,0.3111074109765493,0.31,(0.28-0.34),"1,732 /  8,529","683 / 10,810"
pfizer,postest,vax12_type-pfizer-pfizer,vax12_type,pfizer-pfizer,BNT162b2,Positive SARS-CoV-2 test,Primary vaccine course: BNT162b2-BNT162b2,Primary vaccine course,42-55,147090,188474,4172.435318275154,5374.154688569473,1070,435,0.2564449580113151,0.08094296223464142,0.31563483588189706,0.32,(0.28-0.35),"1,070 /  4,172","435 /  5,374"
pfizer,postest,vax12_type-pfizer-pfizer,vax12_type,pfizer-pfizer,BNT162b2,Positive SARS-CoV-2 test,Primary vaccine course: BNT162b2-BNT162b2,Primary vaccine course,56-69,70515,90599,1811.6714579055442,2349.941136208077,519,274,0.2864757833078691,0.11659866529343504,0.4070105470944086,0.41,(0.35-0.47),"519 /  1,812","274 /  2,350"
pfizer,postest,vax12_type-pfizer-pfizer,vax12_type,pfizer-pfizer,BNT162b2,Positive SARS-CoV-2 test,Primary vaccine course: BNT162b2-BNT162b2,Primary vaccine course,All,1541333,1541333,73963.02532511979,81950.8090349076,12973,6401,0.17539845000896723,0.07810783170271625,0.44531654469422616,0.45,(0.43-0.46),"12,973 / 73,963","6,401 / 81,951"
pfizer,postest,vax12_type-az-az,vax12_type,az-az,BNT162b2,Positive SARS-CoV-2 test,Primary vaccine course: ChAdOx1-ChAdOx1,Primary vaccine course,0-6,2548912,2548912,39622.299794661194,41011.876796714576,7818,6644,0.19731313024524175,0.16200185212036541,0.821039390125798,0.82,(0.79-0.85),"7,818 / 39,622","6,644 / 41,012"
pfizer,postest,vax12_type-az-az,vax12_type,az-az,BNT162b2,Positive SARS-CoV-2 test,Primary vaccine course: ChAdOx1-ChAdOx1,Primary vaccine course,7-13,1499399,1643420,23250.934976043805,26518.447638603695,6549,3765,0.2816660924280098,0.141976636464918,0.5040600920084316,0.5,(0.48-0.52),"6,549 / 23,251","3,765 / 26,518"
pfizer,postest,vax12_type-az-az,vax12_type,az-az,BNT162b2,Positive SARS-CoV-2 test,Primary vaccine course: ChAdOx1-ChAdOx1,Primary vaccine course,14-27,878059,1070169,21659.860369609858,28700.651608487336,6059,1559,0.2797340285951777,0.05431932421837327,0.19418203960084704,0.19,(0.18-0.21),"6,059 / 21,660","1,559 / 28,701"
pfizer,postest,vax12_type-az-az,vax12_type,az-az,BNT162b2,Positive SARS-CoV-2 test,Primary vaccine course: ChAdOx1-ChAdOx1,Primary vaccine course,28-41,310252,459063,7884.240930869268,12006.417522245038,2086,647,0.26457841893601425,0.05388784779483662,0.2036743889072407,0.2,(0.19-0.22),"2,086 /  7,884","647 / 12,006"
pfizer,postest,vax12_type-az-az,vax12_type,az-az,BNT162b2,Positive SARS-CoV-2 test,Primary vaccine course: ChAdOx1-ChAdOx1,Primary vaccine course,42-55,113839,172617,2786.926762491444,4139.712525667351,722,289,0.259066728884741,0.0698116108807365,0.2694734718783427,0.27,(0.23-0.31),"722 /  2,787","289 /  4,140"
pfizer,postest,vax12_type-az-az,vax12_type,az-az,BNT162b2,Positive SARS-CoV-2 test,Primary vaccine course: ChAdOx1-ChAdOx1,Primary vaccine course,56-69,35088,49735,718.8911704312115,1010.9596167008898,199,112,0.2768151956583833,0.1107858297698326,0.40021585341923577,0.4,(0.31-0.51),199 /    719,"112 /  1,011"
pfizer,postest,vax12_type-az-az,vax12_type,az-az,BNT162b2,Positive SARS-CoV-2 test,Primary vaccine course: ChAdOx1-ChAdOx1,Primary vaccine course,All,2548912,2548912,95923.15400410678,113388.06570841889,23433,13016,0.24428929848362532,0.11479162219303633,0.4699003309010313,0.47,(0.46-0.48),"23,433 / 95,923","13,016 /113,388"
pfizer,covidemergency,vax12_type-pfizer-pfizer,vax12_type,pfizer-pfizer,BNT162b2,COVID-19 A&E attendance,Primary vaccine course: BNT162b2-BNT162b2,Primary vaccine course,0-6,1541333,1541333,24860.002737850788,25141.054072553045,35,12,0.0014078839961956433,4.773069563976883e-4,0.3390243497954788,0.34,(0.16-0.67),"35 / 24,860","12 / 25,141"
pfizer,covidemergency,vax12_type-pfizer-pfizer,vax12_type,pfizer-pfizer,BNT162b2,COVID-19 A&E attendance,Primary vaccine course: BNT162b2-BNT162b2,Primary vaccine course,7-13,1012301,1045305,16443.849418206708,17300.588637919234,50,18,0.0030406505635255797,0.0010404270268901605,0.342172507216286,0.34,(0.19-0.60),"50 / 16,444","18 / 17,301"
pfizer,covidemergency,vax12_type-pfizer-pfizer,vax12_type,pfizer-pfizer,BNT162b2,COVID-19 A&E attendance,Primary vaccine course: BNT162b2-BNT162b2,Primary vaccine course,14-27,673721,732304,18489.23203285421,21120.068446269677,68,21,0.003677816357064926,9.94314959415253e-4,0.27035470585833277,0.27,(0.16-0.45),"68 / 18,489","21 / 21,120"
pfizer,covidemergency,vax12_type-pfizer-pfizer,vax12_type,pfizer-pfizer,BNT162b2,COVID-19 A&E attendance,Primary vaccine course: BNT162b2-BNT162b2,Primary vaccine course,28-41,313415,381931,8780.522929500343,10875.657768651608,41,7,0.004669425765320917,6.436392307394091e-4,0.1378411957032523,0.14,(0.05-0.31),"41 /  8,781","7 / 10,876"
pfizer,covidemergency,vax12_type-pfizer-pfizer,vax12_type,pfizer-pfizer,BNT162b2,COVID-19 A&E attendance,Primary vaccine course: BNT162b2-BNT162b2,Primary vaccine course,42-55,152458,189876,4340.66803559206,5420.7446954141,28,NA,NA,NA,NA,NA,NA,"28 /  4,341","-- /  5,421"
pfizer,covidemergency,vax12_type-pfizer-pfizer,vax12_type,pfizer-pfizer,BNT162b2,COVID-19 A&E attendance,Primary vaccine course: BNT162b2-BNT162b2,Primary vaccine course,56-69,73692,91541,1898.6228610540725,2377.13620807666,15,NA,NA,NA,NA,NA,NA,"15 /  1,899","-- /  2,377"
pfizer,covidemergency,vax12_type-pfizer-pfizer,vax12_type,pfizer-pfizer,BNT162b2,COVID-19 A&E attendance,Primary vaccine course: BNT162b2-BNT162b2,Primary vaccine course,All,1541333,1541333,74812.89801505818,82235.24982888432,237,66,0.003167902945723305,8.025755395324178e-4,0.2533459999511353,0.25,(0.19-0.33),"237 / 74,813","66 / 82,235"
pfizer,covidemergency,vax12_type-az-az,vax12_type,az-az,BNT162b2,COVID-19 A&E attendance,Primary vaccine course: ChAdOx1-ChAdOx1,Primary vaccine course,0-6,2548912,2548912,39662.47501711157,41042.98973305955,67,28,0.001689254136840785,6.822115099828217e-4,0.40385368613551675,0.4,(0.25-0.64),"67 / 39,662","28 / 41,043"
pfizer,covidemergency,vax12_type-az-az,vax12_type,az-az,BNT162b2,COVID-19 A&E attendance,Primary vaccine course: ChAdOx1-ChAdOx1,Primary vaccine course,7-13,1505850,1648405,23412.317590691306,26628.109514031486,109,39,0.004655668947671297,0.001464617680780126,0.31458802102170685,0.31,(0.21-0.46),"109 / 23,412","39 / 26,628"
pfizer,covidemergency,vax12_type-az-az,vax12_type,az-az,BNT162b2,COVID-19 A&E attendance,Primary vaccine course: ChAdOx1-ChAdOx1,Primary vaccine course,14-27,888271,1075628,22066.179329226557,28856.577686516084,158,24,0.007160278979094931,8.316994572511128e-4,0.11615461627673071,0.12,(0.07-0.18),"158 / 22,066","24 / 28,857"
pfizer,covidemergency,vax12_type-az-az,vax12_type,az-az,BNT162b2,COVID-19 A&E attendance,Primary vaccine course: ChAdOx1-ChAdOx1,Primary vaccine course,28-41,320006,461811,8184.539356605065,12082.422997946613,69,NA,NA,NA,NA,NA,NA,"69 /  8,185","-- / 12,082"
pfizer,covidemergency,vax12_type-az-az,vax12_type,az-az,BNT162b2,COVID-19 A&E attendance,Primary vaccine course: ChAdOx1-ChAdOx1,Primary vaccine course,42-55,119063,173886,2921.6399726214922,4173.952087611226,20,NA,NA,NA,NA,NA,NA,"20 /  2,922","-- /  4,174"
pfizer,covidemergency,vax12_type-az-az,vax12_type,az-az,BNT162b2,COVID-19 A&E attendance,Primary vaccine course: ChAdOx1-ChAdOx1,Primary vaccine course,56-69,36959,50248,757.8151950718686,1022.2559890485968,7,NA,NA,NA,NA,NA,NA,7 /    758,"-- /  1,022"
pfizer,covidemergency,vax12_type-az-az,vax12_type,az-az,BNT162b2,COVID-19 A&E attendance,Primary vaccine course: ChAdOx1-ChAdOx1,Primary vaccine course,All,2548912,2548912,97004.96646132786,113806.30800821356,430,104,0.004432762730467253,9.138333526511921e-4,0.20615435750039926,0.21,(0.16-0.26),"430 / 97,005","104 /113,806"
pfizer,covidadmitted,vax12_type-pfizer-pfizer,vax12_type,pfizer-pfizer,BNT162b2,COVID-19 hospitalisation,Primary vaccine course: BNT162b2-BNT162b2,Primary vaccine course,0-6,1541333,1541333,24859.57015742642,25140.969199178646,118,41,0.004746662925092826,0.001630804273104136,0.34356858678189034,0.34,(0.23-0.49),"118 / 24,860","41 / 25,141"
pfizer,covidadmitted,vax12_type-pfizer-pfizer,vax12_type,pfizer-pfizer,BNT162b2,COVID-19 hospitalisation,Primary vaccine course: BNT162b2-BNT162b2,Primary vaccine course,7-13,1012219,1045283,16441.36618754278,17299.937029431894,153,59,0.009305796018090295,0.0034104170379131997,0.3664831070102345,0.37,(0.27-0.50),"153 / 16,441","59 / 17,300"
pfizer,covidadmitted,vax12_type-pfizer-pfizer,vax12_type,pfizer-pfizer,BNT162b2,COVID-19 hospitalisation,Primary vaccine course: BNT162b2-BNT162b2,Primary vaccine course,14-27,673543,732258,18480.035592060234,21118.255989048597,231,49,0.0124999759253303,0.002320267356613642,0.18562174603166934,0.19,(0.13-0.25),"231 / 18,480","49 / 21,118"
pfizer,covidadmitted,vax12_type-pfizer-pfizer,vax12_type,pfizer-pfizer,BNT162b2,COVID-19 hospitalisation,Primary vaccine course: BNT162b2-BNT162b2,Primary vaccine course,28-41,313118,381893,8768.520191649555,10874.565366187542,133,13,0.015167895733040414,0.0011954500765999445,0.07881449725395204,0.08,(0.04-0.14),"133 /  8,769","13 / 10,875"
pfizer,covidadmitted,vax12_type-pfizer-pfizer,vax12_type,pfizer-pfizer,BNT162b2,COVID-19 hospitalisation,Primary vaccine course: BNT162b2-BNT162b2,Primary vaccine course,42-55,152158,189857,4330.811772758385,5419.953456536618,75,12,0.01731776949341553,0.002214041152978474,0.12784793987587634,0.13,(0.06-0.24),"75 /  4,331","12 /  5,420"
pfizer,covidadmitted,vax12_type-pfizer-pfizer,vax12_type,pfizer-pfizer,BNT162b2,COVID-19 hospitalisation,Primary vaccine course: BNT162b2-BNT162b2,Primary vaccine course,56-69,73499,91527,1893.1526351813827,2376.7337440109513,36,9,0.019015899368595202,0.0037867093959004818,0.1991338575420861,0.2,(0.08-0.42),"36 /  1,893","9 /  2,377"
pfizer,covidadmitted,vax12_type-pfizer-pfizer,vax12_type,pfizer-pfizer,BNT162b2,COVID-19 hospitalisation,Primary vaccine course: BNT162b2-BNT162b2,Primary vaccine course,All,1541333,1541333,74773.45653661876,82230.41478439425,746,183,0.0099768023915634,0.002225453933071123,0.22306284576238727,0.22,(0.19-0.26),"746 / 74,773","183 / 82,230"
pfizer,covidadmitted,vax12_type-az-az,vax12_type,az-az,BNT162b2,COVID-19 hospitalisation,Primary vaccine course: ChAdOx1-ChAdOx1,Primary vaccine course,0-6,2548912,2548912,39661.760438056124,41042.899383983575,192,54,0.004840934892435404,0.0013156965226748273,0.2717856265182942,0.27,(0.20-0.37),"192 / 39,662","54 / 41,043"
pfizer,covidadmitted,vax12_type-az-az,vax12_type,az-az,BNT162b2,COVID-19 hospitalisation,Primary vaccine course: ChAdOx1-ChAdOx1,Primary vaccine course,7-13,1505729,1648382,23408.443531827514,26627.38945927447,296,86,0.012645009891304425,0.003229757093970236,0.2554175221477081,0.26,(0.20-0.33),"296 / 23,408","86 / 26,627"
pfizer,covidadmitted,vax12_type-az-az,vax12_type,az-az,BNT162b2,COVID-19 hospitalisation,Primary vaccine course: ChAdOx1-ChAdOx1,Primary vaccine course,14-27,887987,1075577,22052.073921971252,28854.691307323752,389,50,0.017640064212392545,0.0017328204785649276,0.09823209585300613,0.1,(0.07-0.13),"389 / 22,052","50 / 28,855"
pfizer,covidadmitted,vax12_type-az-az,vax12_type,az-az,BNT162b2,COVID-19 hospitalisation,Primary vaccine course: ChAdOx1-ChAdOx1,Primary vaccine course,28-41,319570,461767,8168.8459958932235,12080.980150581794,165,21,0.020198691477713193,0.0017382695558016198,0.08605852303450397,0.09,(0.05-0.14),"165 /  8,169","21 / 12,081"
pfizer,covidadmitted,vax12_type-az-az,vax12_type,az-az,BNT162b2,COVID-19 hospitalisation,Primary vaccine course: ChAdOx1-ChAdOx1,Primary vaccine course,42-55,118717,173858,2911.772758384668,4173.081451060917,60,NA,NA,NA,NA,NA,NA,"60 /  2,912","-- /  4,173"
pfizer,covidadmitted,vax12_type-az-az,vax12_type,az-az,BNT162b2,COVID-19 hospitalisation,Primary vaccine course: ChAdOx1-ChAdOx1,Primary vaccine course,56-69,36786,50233,753.8754277891854,1021.9219712525668,17,NA,NA,NA,NA,NA,NA,17 /    754,"-- /  1,022"
pfizer,covidadmitted,vax12_type-az-az,vax12_type,az-az,BNT162b2,COVID-19 hospitalisation,Primary vaccine course: ChAdOx1-ChAdOx1,Primary vaccine course,All,2548912,2548912,96956.77207392197,113800.96372347706,1119,227,0.011541225806763141,0.0019947106999162437,0.17283352161321947,0.17,(0.15-0.20),"1,119 / 96,957","227 /113,801"
pfizer,coviddeath,vax12_type-pfizer-pfizer,vax12_type,pfizer-pfizer,BNT162b2,COVID-19 death,Primary vaccine course: BNT162b2-BNT162b2,Primary vaccine course,0-6,1541333,1541333,24860.15331964408,25141.111567419575,6,0,2.4135008030135114e-4,0,0,0,(NA-0.84),"6 / 24,860","0 / 25,141"
pfizer,coviddeath,vax12_type-pfizer-pfizer,vax12_type,pfizer-pfizer,BNT162b2,COVID-19 death,Primary vaccine course: BNT162b2-BNT162b2,Primary vaccine course,7-13,1012334,1045316,16444.807665982204,17300.895277207394,12,NA,NA,NA,NA,NA,NA,"12 / 16,445","-- / 17,301"
pfizer,coviddeath,vax12_type-pfizer-pfizer,vax12_type,pfizer-pfizer,BNT162b2,COVID-19 death,Primary vaccine course: BNT162b2-BNT162b2,Primary vaccine course,14-27,673799,732326,18493.0212183436,21120.958247775496,58,NA,NA,NA,NA,NA,NA,"58 / 18,493","-- / 21,121"
pfizer,coviddeath,vax12_type-pfizer-pfizer,vax12_type,pfizer-pfizer,BNT162b2,COVID-19 death,Primary vaccine course: BNT162b2-BNT162b2,Primary vaccine course,28-41,313528,381957,8784.709103353867,10876.443531827515,47,6,0.0053502056183119505,5.516509125839087e-4,0.10310835731168791,0.1,(0.04-0.24),"47 /  8,785","6 / 10,876"
pfizer,coviddeath,vax12_type-pfizer-pfizer,vax12_type,pfizer-pfizer,BNT162b2,COVID-19 death,Primary vaccine course: BNT162b2-BNT162b2,Primary vaccine course,42-55,152566,189893,4344.249144421629,5421.201916495551,39,NA,NA,NA,NA,NA,NA,"39 /  4,344","-- /  5,421"
pfizer,coviddeath,vax12_type-pfizer-pfizer,vax12_type,pfizer-pfizer,BNT162b2,COVID-19 death,Primary vaccine course: BNT162b2-BNT162b2,Primary vaccine course,56-69,73763,91552,1900.517453798768,2377.492128678987,13,NA,NA,NA,NA,NA,NA,"13 /  1,901","-- /  2,377"
pfizer,coviddeath,vax12_type-pfizer-pfizer,vax12_type,pfizer-pfizer,BNT162b2,COVID-19 death,Primary vaccine course: BNT162b2-BNT162b2,Primary vaccine course,All,1541333,1541333,74827.45790554414,82238.10266940451,175,18,0.002338713687439512,2.1887664495811183e-4,0.09358847392634195,0.09,(0.05-0.15),"175 / 74,827","18 / 82,238"
pfizer,coviddeath,vax12_type-az-az,vax12_type,az-az,BNT162b2,COVID-19 death,Primary vaccine course: ChAdOx1-ChAdOx1,Primary vaccine course,0-6,2548912,2548912,39662.759753593426,41043.1266255989,7,NA,NA,NA,NA,NA,NA,"7 / 39,663","-- / 41,043"
pfizer,coviddeath,vax12_type-az-az,vax12_type,az-az,BNT162b2,COVID-19 death,Primary vaccine course: ChAdOx1-ChAdOx1,Primary vaccine course,7-13,1505912,1648431,23414.23682409309,26628.84873374401,19,NA,NA,NA,NA,NA,NA,"19 / 23,414","-- / 26,629"
pfizer,coviddeath,vax12_type-az-az,vax12_type,az-az,BNT162b2,COVID-19 death,Primary vaccine course: ChAdOx1-ChAdOx1,Primary vaccine course,14-27,888428,1075672,22074.302532511978,28857.998631074606,67,18,0.0030352034861042395,6.237438787808869e-4,0.20550315049271306,0.21,(0.11-0.35),"67 / 22,074","18 / 28,858"
pfizer,coviddeath,vax12_type-az-az,vax12_type,az-az,BNT162b2,COVID-19 death,Primary vaccine course: ChAdOx1-ChAdOx1,Primary vaccine course,28-41,320236,461838,8192.566735112936,12083.09377138946,72,7,0.008788454501250697,5.793218303556256e-4,0.0659185105041144,0.07,(0.03-0.14),"72 /  8,193","7 / 12,083"
pfizer,coviddeath,vax12_type-az-az,vax12_type,az-az,BNT162b2,COVID-19 death,Primary vaccine course: ChAdOx1-ChAdOx1,Primary vaccine course,42-55,119229,173895,2926.220396988364,4174.231348391512,18,0,0.00615127965703657,0,0,0,(NA-0.16),"18 /  2,926","0 /  4,174"
pfizer,coviddeath,vax12_type-az-az,vax12_type,az-az,BNT162b2,COVID-19 death,Primary vaccine course: ChAdOx1-ChAdOx1,Primary vaccine course,56-69,37018,50254,759.0746064339494,1022.4421629021218,6,NA,NA,NA,NA,NA,NA,6 /    759,"-- /  1,022"
pfizer,coviddeath,vax12_type-az-az,vax12_type,az-az,BNT162b2,COVID-19 death,Primary vaccine course: ChAdOx1-ChAdOx1,Primary vaccine course,All,2548912,2548912,97029.16084873375,113809.74127310062,189,34,0.0019478680259293049,2.9874419904367215e-4,0.15336983567002432,0.15,(0.10-0.22),"189 / 97,029","34 /113,810"
moderna,postest,vax12_type-pfizer-pfizer,vax12_type,pfizer-pfizer,mRNA-1273,Positive SARS-CoV-2 test,Primary vaccine course: BNT162b2-BNT162b2,Primary vaccine course,0-6,211899,211899,3009.6892539356604,3302.5023956194386,528,450,0.17543339376633443,0.13626030993857768,0.7767068003031813,0.78,(0.68-0.88),"528 /  3,010","450 /  3,303"
moderna,postest,vax12_type-pfizer-pfizer,vax12_type,pfizer-pfizer,mRNA-1273,Positive SARS-CoV-2 test,Primary vaccine course: BNT162b2-BNT162b2,Primary vaccine course,7-13,108797,138982,1684.684462696783,2381.308692676249,436,232,0.2588021731393348,0.09742542019584421,0.3764474579716608,0.38,(0.32-0.44),"436 /  1,685","232 /  2,381"
moderna,postest,vax12_type-pfizer-pfizer,vax12_type,pfizer-pfizer,mRNA-1273,Positive SARS-CoV-2 test,Primary vaccine course: BNT162b2-BNT162b2,Primary vaccine course,14-27,62554,103606,1334.1054072553045,2727.6030116358656,411,135,0.30807160945817824,0.049494006064700176,0.16065747230570154,0.16,(0.13-0.20),"411 /  1,334","135 /  2,728"
moderna,postest,vax12_type-pfizer-pfizer,vax12_type,pfizer-pfizer,mRNA-1273,Positive SARS-CoV-2 test,Primary vaccine course: BNT162b2-BNT162b2,Primary vaccine course,28-41,11900,36181,152.71184120465435,575.7426420260095,54,NA,NA,NA,0.19156455899524996,0.19,(0.12-0.29),54 /    153,-- /    576
moderna,postest,vax12_type-pfizer-pfizer,vax12_type,pfizer-pfizer,mRNA-1273,Positive SARS-CoV-2 test,Primary vaccine course: BNT162b2-BNT162b2,Primary vaccine course,42-55,225,1474,1.4811772758384667,9.240246406570842,0,NA,NA,NA,Inf,Inf,(0.00-NA),0 /      1,-- /      9
moderna,postest,vax12_type-pfizer-pfizer,vax12_type,pfizer-pfizer,mRNA-1273,Positive SARS-CoV-2 test,Primary vaccine course: BNT162b2-BNT162b2,Primary vaccine course,All,211899,211899,6182.672142368241,8996.396988364135,1429,857,0.23112983627377479,0.09526035824213146,0.41215084896826104,0.41,(0.38-0.45),"1,429 /  6,183","857 /  8,996"
moderna,postest,vax12_type-az-az,vax12_type,az-az,mRNA-1273,Positive SARS-CoV-2 test,Primary vaccine course: ChAdOx1-ChAdOx1,Primary vaccine course,0-6,1054427,1054427,14979.857631759069,16443.54004106776,3555,3479,0.23731867734597023,0.21157244676700962,0.8915119919473216,0.89,(0.85-0.93),"3,555 / 14,980","3,479 / 16,444"
moderna,postest,vax12_type-az-az,vax12_type,az-az,mRNA-1273,Positive SARS-CoV-2 test,Primary vaccine course: ChAdOx1-ChAdOx1,Primary vaccine course,7-13,490202,633422,6948.208076659822,10008.287474332648,2591,1573,0.3729019009525055,0.15716974597643515,0.4214774598224776,0.42,(0.40-0.45),"2,591 /  6,948","1,573 / 10,008"
moderna,postest,vax12_type-az-az,vax12_type,az-az,mRNA-1273,Positive SARS-CoV-2 test,Primary vaccine course: ChAdOx1-ChAdOx1,Primary vaccine course,14-27,219349,382632,3966.4339493497605,8724.887063655031,1510,485,0.3806946035865649,0.05558811208231545,0.14601759930036795,0.15,(0.13-0.16),"1,510 /  3,966","485 /  8,725"
moderna,postest,vax12_type-az-az,vax12_type,az-az,mRNA-1273,Positive SARS-CoV-2 test,Primary vaccine course: ChAdOx1-ChAdOx1,Primary vaccine course,28-41,25601,92605,365.85626283367554,1629.7577002053388,NA,NA,NA,NA,NA,NA,NA,-- /    366,"-- /  1,630"
moderna,postest,vax12_type-az-az,vax12_type,az-az,mRNA-1273,Positive SARS-CoV-2 test,Primary vaccine course: ChAdOx1-ChAdOx1,Primary vaccine course,42-55,935,7107,7.063655030800821,53.87268993839836,NA,NA,NA,NA,NA,NA,NA,-- /      7,-- /     54
moderna,postest,vax12_type-az-az,vax12_type,az-az,mRNA-1273,Positive SARS-CoV-2 test,Primary vaccine course: ChAdOx1-ChAdOx1,Primary vaccine course,All,1054427,1054427,26267.41957563313,36860.34496919918,7802,5621,0.2970219430018735,0.15249450336661136,0.5134115743281953,0.51,(0.50-0.53),"7,802 / 26,267","5,621 / 36,860"
moderna,covidemergency,vax12_type-pfizer-pfizer,vax12_type,pfizer-pfizer,mRNA-1273,COVID-19 A&E attendance,Primary vaccine course: BNT162b2-BNT162b2,Primary vaccine course,0-6,211899,211899,3012.0301163586582,3304.4736481861737,NA,NA,NA,NA,NA,NA,NA,"-- /  3,012","-- /  3,304"
moderna,covidemergency,vax12_type-pfizer-pfizer,vax12_type,pfizer-pfizer,mRNA-1273,COVID-19 A&E attendance,Primary vaccine course: BNT162b2-BNT162b2,Primary vaccine course,7-13,109155,139306,1693.946611909651,2388.769336071184,NA,NA,NA,NA,NA,NA,NA,"-- /  1,694","-- /  2,389"
moderna,covidemergency,vax12_type-pfizer-pfizer,vax12_type,pfizer-pfizer,mRNA-1273,COVID-19 A&E attendance,Primary vaccine course: BNT162b2-BNT162b2,Primary vaccine course,14-27,63120,103997,1353.3607118412046,2738.6201232032854,NA,NA,NA,NA,NA,NA,NA,"-- /  1,353","-- /  2,739"
moderna,covidemergency,vax12_type-pfizer-pfizer,vax12_type,pfizer-pfizer,mRNA-1273,COVID-19 A&E attendance,Primary vaccine course: BNT162b2-BNT162b2,Primary vaccine course,28-41,12203,36341,157.19917864476386,578.1300479123888,NA,0,0.012722712785411986,0,0,0,(NA-1.45),-- /    157,0 /    578
moderna,covidemergency,vax12_type-pfizer-pfizer,vax12_type,pfizer-pfizer,mRNA-1273,COVID-19 A&E attendance,Primary vaccine course: BNT162b2-BNT162b2,Primary vaccine course,42-55,231,1481,1.5359342915811087,9.289527720739219,0,0,0,0,NaN,NA,(NA-NA),0 /      2,0 /      9
moderna,covidemergency,vax12_type-pfizer-pfizer,vax12_type,pfizer-pfizer,mRNA-1273,COVID-19 A&E attendance,Primary vaccine course: BNT162b2-BNT162b2,Primary vaccine course,All,211899,211899,6218.072553045859,9019.282683093772,12,6,0.0019298584726422856,6.652413734904575e-4,0.34470992713762866,0.34,(0.11-0.99),"12 /  6,218","6 /  9,019"
moderna,covidemergency,vax12_type-az-az,vax12_type,az-az,mRNA-1273,COVID-19 A&E attendance,Primary vaccine course: ChAdOx1-ChAdOx1,Primary vaccine course,0-6,1054427,1054427,14997.084188911704,16458.98973305955,15,15,0.0010001944251996967,9.113560578916323e-4,0.9111789017516999,0.91,(0.42-2.00),"15 / 14,997","15 / 16,459"
moderna,covidemergency,vax12_type-az-az,vax12_type,az-az,mRNA-1273,COVID-19 A&E attendance,Primary vaccine course: ChAdOx1-ChAdOx1,Primary vaccine course,7-13,492724,635851,7005.82340862423,10057.45106091718,23,9,0.003282983121111331,8.948589404499925e-4,0.2725749440183145,0.27,(0.11-0.61),"23 /  7,006","9 / 10,057"
moderna,covidemergency,vax12_type-az-az,vax12_type,az-az,mRNA-1273,COVID-19 A&E attendance,Primary vaccine course: ChAdOx1-ChAdOx1,Primary vaccine course,14-27,222483,384802,4049.6454483230664,8772.246406570843,23,7,0.005679509550527234,7.979712009408054e-4,0.14050001920794886,0.14,(0.05-0.34),"23 /  4,050","7 /  8,772"
moderna,covidemergency,vax12_type-az-az,vax12_type,az-az,mRNA-1273,COVID-19 A&E attendance,Primary vaccine course: ChAdOx1-ChAdOx1,Primary vaccine course,28-41,26476,93044,379.3237508555784,1636.930869267625,NA,0,0.010545081848889915,0,0,0,(NA-0.35),-- /    379,"0 /  1,637"
moderna,covidemergency,vax12_type-az-az,vax12_type,az-az,mRNA-1273,COVID-19 A&E attendance,Primary vaccine course: ChAdOx1-ChAdOx1,Primary vaccine course,42-55,981,7150,7.403148528405202,54.2258726899384,NA,0,0,0,NaN,NA,(NA-NA),-- /      7,0 /     54
moderna,covidemergency,vax12_type-az-az,vax12_type,az-az,mRNA-1273,COVID-19 A&E attendance,Primary vaccine course: ChAdOx1-ChAdOx1,Primary vaccine course,All,1054427,1054427,26439.279945242983,36979.84394250513,65,31,0.0024584633217931092,8.382945057366286e-4,0.3409831248266127,0.34,(0.21-0.53),"65 / 26,439","31 / 36,980"
moderna,covidadmitted,vax12_type-pfizer-pfizer,vax12_type,pfizer-pfizer,mRNA-1273,COVID-19 hospitalisation,Primary vaccine course: BNT162b2-BNT162b2,Primary vaccine course,0-6,211899,211899,3012.002737850787,3304.4626967830254,6,NA,NA,NA,NA,NA,NA,"6 /  3,012","-- /  3,304"
moderna,covidadmitted,vax12_type-pfizer-pfizer,vax12_type,pfizer-pfizer,mRNA-1273,COVID-19 hospitalisation,Primary vaccine course: BNT162b2-BNT162b2,Primary vaccine course,7-13,109151,139303,1693.8425735797398,2388.722792607803,6,NA,NA,NA,NA,NA,NA,"6 /  1,694","-- /  2,389"
moderna,covidadmitted,vax12_type-pfizer-pfizer,vax12_type,pfizer-pfizer,mRNA-1273,COVID-19 hospitalisation,Primary vaccine course: BNT162b2-BNT162b2,Primary vaccine course,14-27,63112,103995,1353.013004791239,2738.5242984257357,9,NA,NA,NA,NA,NA,NA,"9 /  1,353","-- /  2,739"
moderna,covidadmitted,vax12_type-pfizer-pfizer,vax12_type,pfizer-pfizer,mRNA-1273,COVID-19 hospitalisation,Primary vaccine course: BNT162b2-BNT162b2,Primary vaccine course,28-41,12197,36339,156.99657768651608,578.0561259411362,NA,NA,NA,NA,NA,NA,NA,-- /    157,-- /    578
moderna,covidadmitted,vax12_type-pfizer-pfizer,vax12_type,pfizer-pfizer,mRNA-1273,COVID-19 hospitalisation,Primary vaccine course: BNT162b2-BNT162b2,Primary vaccine course,42-55,230,1481,1.5277207392197125,9.289527720739219,NA,0,0,0,NaN,NA,(NA-NA),-- /      2,0 /      9
moderna,covidadmitted,vax12_type-pfizer-pfizer,vax12_type,pfizer-pfizer,mRNA-1273,COVID-19 hospitalisation,Primary vaccine course: BNT162b2-BNT162b2,Primary vaccine course,All,211899,211899,6217.382614647502,9019.05544147844,23,8,0.003699305869613752,8.870108463030589e-4,0.2397776441221046,0.24,(0.09-0.56),"23 /  6,217","8 /  9,019"
moderna,covidadmitted,vax12_type-az-az,vax12_type,az-az,mRNA-1273,COVID-19 hospitalisation,Primary vaccine course: ChAdOx1-ChAdOx1,Primary vaccine course,0-6,1054427,1054427,14996.971937029432,16458.951403148527,35,21,0.0023338044604578174,0.001275901452384311,0.5467045221663602,0.55,(0.30-0.97),"35 / 14,997","21 / 16,459"
moderna,covidadmitted,vax12_type-az-az,vax12_type,az-az,mRNA-1273,COVID-19 hospitalisation,Primary vaccine course: ChAdOx1-ChAdOx1,Primary vaccine course,7-13,492708,635845,7005.232032854209,10057.2977412731,58,17,0.00827952589264463,0.0016903148775476206,0.204155998720804,0.2,(0.11-0.36),"58 /  7,005","17 / 10,057"
moderna,covidadmitted,vax12_type-az-az,vax12_type,az-az,mRNA-1273,COVID-19 hospitalisation,Primary vaccine course: ChAdOx1-ChAdOx1,Primary vaccine course,14-27,222443,384790,4048.4599589322384,8771.813826146476,37,12,0.009139277743964292,0.0013680180904240293,0.1496855800588277,0.15,(0.07-0.29),"37 /  4,048","12 /  8,772"
moderna,covidadmitted,vax12_type-az-az,vax12_type,az-az,mRNA-1273,COVID-19 hospitalisation,Primary vaccine course: ChAdOx1-ChAdOx1,Primary vaccine course,28-41,26458,93039,378.9924709103354,1636.8596851471596,NA,NA,NA,NA,NA,NA,NA,-- /    379,"-- /  1,637"
moderna,covidadmitted,vax12_type-az-az,vax12_type,az-az,mRNA-1273,COVID-19 hospitalisation,Primary vaccine course: ChAdOx1-ChAdOx1,Primary vaccine course,42-55,981,7150,7.408624229979466,54.23134839151266,NA,NA,NA,NA,NA,NA,NA,-- /      7,-- /     54
moderna,covidadmitted,vax12_type-az-az,vax12_type,az-az,mRNA-1273,COVID-19 hospitalisation,Primary vaccine course: ChAdOx1-ChAdOx1,Primary vaccine course,All,1054427,1054427,26437.065023956195,36979.15400410678,135,53,0.005106466995397125,0.0014332399273956889,0.28067153448511173,0.28,(0.20-0.39),"135 / 26,437","53 / 36,979"
moderna,coviddeath,vax12_type-pfizer-pfizer,vax12_type,pfizer-pfizer,mRNA-1273,COVID-19 death,Primary vaccine course: BNT162b2-BNT162b2,Primary vaccine course,0-6,211899,211899,3012.043805612594,3304.4900752908966,NA,NA,NA,NA,NA,NA,NA,"-- /  3,012","-- /  3,304"
moderna,coviddeath,vax12_type-pfizer-pfizer,vax12_type,pfizer-pfizer,mRNA-1273,COVID-19 death,Primary vaccine course: BNT162b2-BNT162b2,Primary vaccine course,7-13,109157,139308,1693.9958932238194,2388.813141683778,NA,NA,NA,NA,NA,NA,NA,"-- /  1,694","-- /  2,389"
moderna,coviddeath,vax12_type-pfizer-pfizer,vax12_type,pfizer-pfizer,mRNA-1273,COVID-19 death,Primary vaccine course: BNT162b2-BNT162b2,Primary vaccine course,14-27,63124,104000,1353.4811772758385,2738.713210130048,NA,0,7.388355425915175e-4,0,0,0,(NA-19.27),"-- /  1,353","0 /  2,739"
moderna,coviddeath,vax12_type-pfizer-pfizer,vax12_type,pfizer-pfizer,mRNA-1273,COVID-19 death,Primary vaccine course: BNT162b2-BNT162b2,Primary vaccine course,28-41,12206,36343,157.22929500342232,578.1601642710473,0,0,0,0,NaN,NA,(NA-NA),0 /    157,0 /    578
moderna,coviddeath,vax12_type-pfizer-pfizer,vax12_type,pfizer-pfizer,mRNA-1273,COVID-19 death,Primary vaccine course: BNT162b2-BNT162b2,Primary vaccine course,42-55,231,1481,1.5359342915811087,9.289527720739219,0,0,0,0,NaN,NA,(NA-NA),0 /      2,0 /      9
moderna,coviddeath,vax12_type-pfizer-pfizer,vax12_type,pfizer-pfizer,mRNA-1273,COVID-19 death,Primary vaccine course: BNT162b2-BNT162b2,Primary vaccine course,All,211899,211899,6218.2861054072555,9019.466119096509,NA,NA,NA,NA,NA,NA,NA,"-- /  6,218","-- /  9,019"
moderna,coviddeath,vax12_type-az-az,vax12_type,az-az,mRNA-1273,COVID-19 death,Primary vaccine course: ChAdOx1-ChAdOx1,Primary vaccine course,0-6,1054427,1054427,14997.147159479808,16459.044490075292,NA,NA,NA,NA,NA,NA,NA,"-- / 14,997","-- / 16,459"
moderna,coviddeath,vax12_type-az-az,vax12_type,az-az,mRNA-1273,COVID-19 death,Primary vaccine course: ChAdOx1-ChAdOx1,Primary vaccine course,7-13,492739,635865,7006.228610540726,10057.782340862423,6,NA,NA,NA,NA,NA,NA,"6 /  7,006","-- / 10,058"
moderna,coviddeath,vax12_type-az-az,vax12_type,az-az,mRNA-1273,COVID-19 death,Primary vaccine course: ChAdOx1-ChAdOx1,Primary vaccine course,14-27,222510,384817,4050.6392881587954,8772.689938398356,9,0,0.0022218715021872313,0,NA,NA,NA,"9 /  4,051","0 /  8,773"
moderna,coviddeath,vax12_type-az-az,vax12_type,az-az,mRNA-1273,COVID-19 death,Primary vaccine course: ChAdOx1-ChAdOx1,Primary vaccine course,28-41,26492,93052,379.67967145790556,1637.119780971937,NA,NA,NA,NA,Inf,Inf,(0.01-NA),-- /    380,"-- /  1,637"
moderna,coviddeath,vax12_type-az-az,vax12_type,az-az,mRNA-1273,COVID-19 death,Primary vaccine course: ChAdOx1-ChAdOx1,Primary vaccine course,42-55,984,7153,7.422313483915127,54.25325119780972,0,0,0,0,NaN,NA,(NA-NA),0 /      7,0 /     54
moderna,coviddeath,vax12_type-az-az,vax12_type,az-az,mRNA-1273,COVID-19 death,Primary vaccine course: ChAdOx1-ChAdOx1,Primary vaccine course,All,1054427,1054427,26441.11704312115,36980.889801505815,16,NA,NA,NA,NA,NA,NA,"16 / 26,441","-- / 36,981"
