treatment,outcome,subgroup,subgroup_variable,subgroup_level,treatment_descr,outcome_descr,subgroup_descr,subgroup_variable_descr,subgroup_level_descr,fup_period,n_0,n_1,yearsatrisk_0,yearsatrisk_1,events_0,events_1,rate_0,rate_1,rr,rrE,rrCI,rrECI,q_0,q_1
pfizer,postest,prior_covid_infection-FALSE,prior_covid_infection,FALSE,BNT162b2,Positive SARS-CoV-2 test,No prior SARS-CoV-2 infection,Prior SARS-CoV-2 infection,No prior SARS-CoV-2 infection,0-6,4047930,4047930,68241.0431211499,68320.8733744011,20352,14784,0.29816367202766086,0.21634676592905266,0.725597335375525,0.73,(0.71-0.74),0.73 (0.71-0.74),"20,352 / 68,241","14,784 / 68,321"
pfizer,postest,prior_covid_infection-FALSE,prior_covid_infection,FALSE,BNT162b2,Positive SARS-CoV-2 test,No prior SARS-CoV-2 infection,Prior SARS-CoV-2 infection,No prior SARS-CoV-2 infection,7-13,2888916,2897328,47365.32511978097,47627.92881587953,17490,9894,0.3692574674779489,0.20763027588768312,0.5622913391726662,0.56,(0.55-0.58),0.56 (0.55-0.58),"17,490 / 47,365","9,894 / 47,628"
pfizer,postest,prior_covid_infection-FALSE,prior_covid_infection,FALSE,BNT162b2,Positive SARS-CoV-2 test,No prior SARS-CoV-2 infection,Prior SARS-CoV-2 infection,No prior SARS-CoV-2 infection,14-27,1968468,1991064,50403.67145790554,51449.18822724162,21294,7728,0.4224097051696146,0.15016757826917845,0.35550219711187764,0.36,(0.35-0.36),0.36 (0.35-0.36),"21,294 / 50,404","7,728 / 51,449"
pfizer,postest,prior_covid_infection-FALSE,prior_covid_infection,FALSE,BNT162b2,Positive SARS-CoV-2 test,No prior SARS-CoV-2 infection,Prior SARS-CoV-2 infection,No prior SARS-CoV-2 infection,28-41,778902,808122,21148.766598220398,22158.732375085558,8670,4158,0.40971656478203944,0.1874655972952045,0.4575494705588295,0.46,(0.44-0.47),0.46 (0.44-0.47),"8,670 / 21,149","4,158 / 22,159"
pfizer,postest,prior_covid_infection-FALSE,prior_covid_infection,FALSE,BNT162b2,Positive SARS-CoV-2 test,No prior SARS-CoV-2 infection,Prior SARS-CoV-2 infection,No prior SARS-CoV-2 infection,42-69,353322,374964,14037.574264202602,15096.681724845996,7374,4842,0.5250907216068578,0.32040153512935926,0.6101831968176502,0.61,(0.59-0.63),0.61 (0.59-0.63),"7,374 / 14,038","4,842 / 15,097"
pfizer,postest,prior_covid_infection-FALSE,prior_covid_infection,FALSE,BNT162b2,Positive SARS-CoV-2 test,No prior SARS-CoV-2 infection,Prior SARS-CoV-2 infection,No prior SARS-CoV-2 infection,All,4047930,4047930,201196.3805612594,204653.4045174538,75168,41388,0.3735852493485309,0.2022297166156858,0.5413214707174334,0.54,(0.53-0.55),0.54 (0.53-0.55),"75,168 /201,196","41,388 /204,653"
pfizer,postest,prior_covid_infection-TRUE,prior_covid_infection,TRUE,BNT162b2,Positive SARS-CoV-2 test,Prior SARS-CoV-2 infection,Prior SARS-CoV-2 infection,Prior SARS-CoV-2 infection,0-6,304494,304494,5166.970568104039,5168.117727583846,732,576,0.14108847542119798,0.11145256945787234,0.7899480742502022,0.79,(0.71-0.88),0.79 (0.71-0.88),"732 /  5,167","576 /  5,168"
pfizer,postest,prior_covid_infection-TRUE,prior_covid_infection,TRUE,BNT162b2,Positive SARS-CoV-2 test,Prior SARS-CoV-2 infection,Prior SARS-CoV-2 infection,Prior SARS-CoV-2 infection,7-13,222258,222486,3726.672142368241,3736.312114989733,984,462,0.2627008662419821,0.12365134008652527,0.47069254797441784,0.47,(0.42-0.53),0.47 (0.42-0.53),"984 /  3,727","462 /  3,736"
pfizer,postest,prior_covid_infection-TRUE,prior_covid_infection,TRUE,BNT162b2,Positive SARS-CoV-2 test,Prior SARS-CoV-2 infection,Prior SARS-CoV-2 infection,Prior SARS-CoV-2 infection,14-27,161034,162006,4131.23613963039,4165.84257357974,1506,504,0.36453980094556815,0.1200237385759746,0.32924728181847046,0.33,(0.30-0.36),0.33 (0.30-0.36),"1,506 /  4,131","504 /  4,166"
pfizer,postest,prior_covid_infection-TRUE,prior_covid_infection,TRUE,BNT162b2,Positive SARS-CoV-2 test,Prior SARS-CoV-2 infection,Prior SARS-CoV-2 infection,Prior SARS-CoV-2 infection,28-41,65526,66312,1828.2381930184804,1856.208076659822,654,312,0.35553354179021335,0.16592967344169446,0.4667061020633692,0.47,(0.41-0.54),0.47 (0.41-0.54),"654 /  1,828","312 /  1,856"
pfizer,postest,prior_covid_infection-TRUE,prior_covid_infection,TRUE,BNT162b2,Positive SARS-CoV-2 test,Prior SARS-CoV-2 infection,Prior SARS-CoV-2 infection,Prior SARS-CoV-2 infection,42-69,31644,32298,1309.8398357289527,1343.7125256673512,678,432,0.5176205376458711,0.3200089243690288,0.6182307329311615,0.62,(0.55-0.70),0.62 (0.55-0.70),"678 /  1,310","432 /  1,344"
pfizer,postest,prior_covid_infection-TRUE,prior_covid_infection,TRUE,BNT162b2,Positive SARS-CoV-2 test,Prior SARS-CoV-2 infection,Prior SARS-CoV-2 infection,Prior SARS-CoV-2 infection,All,304494,304494,16162.956878850102,16270.193018480493,4542,2280,0.2810129380437434,0.13988770738090237,0.4977981026593409,0.5,(0.47-0.52),0.50 (0.47-0.52),"4,542 / 16,163","2,280 / 16,270"
pfizer,covidemergency,prior_covid_infection-FALSE,prior_covid_infection,FALSE,BNT162b2,COVID-19 A&E attendance,No prior SARS-CoV-2 infection,Prior SARS-CoV-2 infection,No prior SARS-CoV-2 infection,0-6,4047930,4047930,68408.79123887749,68409.6180698152,174,60,0.002514296728316557,8.185983430407314e-4,0.32557746021839773,0.33,(0.24-0.44),0.33 (0.24-0.44),"174 / 68,409","60 / 68,410"
pfizer,covidemergency,prior_covid_infection-FALSE,prior_covid_infection,FALSE,BNT162b2,COVID-19 A&E attendance,No prior SARS-CoV-2 infection,Prior SARS-CoV-2 infection,No prior SARS-CoV-2 infection,7-13,2908986,2909574,47892.052019164956,47916.24640657084,192,72,0.003925494775725376,0.0014608823780988148,0.3721524193924992,0.37,(0.28-0.49),0.37 (0.28-0.49),"192 / 47,892","72 / 47,916"
pfizer,covidemergency,prior_covid_infection-FALSE,prior_covid_infection,FALSE,BNT162b2,COVID-19 A&E attendance,No prior SARS-CoV-2 infection,Prior SARS-CoV-2 infection,No prior SARS-CoV-2 infection,14-27,2005626,2007798,51744.78850102669,51877.253935660505,282,54,0.005449824188466916,0.0010023660863871424,0.1839263161017891,0.18,(0.13-0.25),0.18 (0.13-0.25),"282 / 51,745","54 / 51,877"
pfizer,covidemergency,prior_covid_infection-FALSE,prior_covid_infection,FALSE,BNT162b2,COVID-19 A&E attendance,No prior SARS-CoV-2 infection,Prior SARS-CoV-2 infection,No prior SARS-CoV-2 infection,28-41,810546,815238,22167.022587268995,22374.094455852155,162,18,0.007172817159996813,7.598072866610917e-4,0.1059287124867169,0.11,(0.06-0.18),0.11 (0.06-0.18),"162 / 22,167","18 / 22,374"
pfizer,covidemergency,prior_covid_infection-FALSE,prior_covid_infection,FALSE,BNT162b2,COVID-19 A&E attendance,No prior SARS-CoV-2 infection,Prior SARS-CoV-2 infection,No prior SARS-CoV-2 infection,42-69,373140,379158,14892.101300479124,15315.326488706365,132,36,0.008595160442259539,0.002219998380385286,0.2582846934968537,0.26,(0.17-0.38),0.26 (0.17-0.38),"132 / 14,892","36 / 15,315"
pfizer,covidemergency,prior_covid_infection-FALSE,prior_covid_infection,FALSE,BNT162b2,COVID-19 A&E attendance,No prior SARS-CoV-2 infection,Prior SARS-CoV-2 infection,No prior SARS-CoV-2 infection,All,4047930,4047930,205104.75564681724,205892.53935660506,930,234,0.004529392783069855,0.0011122306845872299,0.2455584529441938,0.25,(0.21-0.28),0.25 (0.21-0.28),"930 /205,105","234 /205,893"
pfizer,covidemergency,prior_covid_infection-TRUE,prior_covid_infection,TRUE,BNT162b2,COVID-19 A&E attendance,Prior SARS-CoV-2 infection,Prior SARS-CoV-2 infection,Prior SARS-CoV-2 infection,0-6,304494,304494,5172.2546201232035,5171.529089664613,12,12,0.0019333928304871037,0.0013535648506724281,0.7000982052526841,0.7,(0.23-2.04),0.70 (0.23-2.04),"12 /  5,172","12 /  5,172"
pfizer,covidemergency,prior_covid_infection-TRUE,prior_covid_infection,TRUE,BNT162b2,COVID-19 A&E attendance,Prior SARS-CoV-2 infection,Prior SARS-CoV-2 infection,Prior SARS-CoV-2 infection,7-13,222972,222948,3747.6851471594796,3747.8220396988363,12,6,0.0032019765612101327,0.0010672865353877443,0.3333211580363291,0.33,(0.08-1.10),0.33 (0.08-1.10),"12 /  3,748","6 /  3,748"
pfizer,covidemergency,prior_covid_infection-TRUE,prior_covid_infection,TRUE,BNT162b2,COVID-19 A&E attendance,Prior SARS-CoV-2 infection,Prior SARS-CoV-2 infection,Prior SARS-CoV-2 infection,14-27,162696,162762,4178.001368925394,4183.025325119781,18,6,0.004308280062777888,4.781228523742514e-4,0.1109776628741187,0.11,(0.01-0.46),0.11 (0.01-0.46),"18 /  4,178","6 /  4,183"
pfizer,covidemergency,prior_covid_infection-TRUE,prior_covid_infection,TRUE,BNT162b2,COVID-19 A&E attendance,Prior SARS-CoV-2 infection,Prior SARS-CoV-2 infection,Prior SARS-CoV-2 infection,28-41,66390,66588,1856.5119780971936,1864.952772073922,12,6,0.0043091561457090565,0.0016086198240097243,0.37330274643483163,0.37,(0.06-1.56),0.37 (0.06-1.56),"12 /  1,857","6 /  1,865"
pfizer,covidemergency,prior_covid_infection-TRUE,prior_covid_infection,TRUE,BNT162b2,COVID-19 A&E attendance,Prior SARS-CoV-2 infection,Prior SARS-CoV-2 infection,Prior SARS-CoV-2 infection,42-69,32268,32496,1341.552361396304,1356.4818617385351,6,6,0.0037270256039771267,7.372011585310473e-4,0.1977987910102835,0.2,(0.00-1.77),0.20 (0.00-1.77),"6 /  1,342","6 /  1,356"
pfizer,covidemergency,prior_covid_infection-TRUE,prior_covid_infection,TRUE,BNT162b2,COVID-19 A&E attendance,Prior SARS-CoV-2 infection,Prior SARS-CoV-2 infection,Prior SARS-CoV-2 infection,All,304494,304494,16296.005475701575,16323.811088295688,54,18,0.003252330767747134,0.0010414234707842916,0.3202083506117916,0.32,(0.17-0.56),0.32 (0.17-0.56),"54 / 16,296","18 / 16,324"
pfizer,covidadmittedproxy1,prior_covid_infection-FALSE,prior_covid_infection,FALSE,BNT162b2,COVID-19 hospitalisation (A&E proxy),No prior SARS-CoV-2 infection,Prior SARS-CoV-2 infection,No prior SARS-CoV-2 infection,0-6,4047930,4047930,68409.74948665297,68409.85352498289,48,12,6.870365752350825e-4,1.315599951798355e-4,0.19148907048335784,0.19,(0.08-0.40),0.19 (0.08-0.40),"48 / 68,410","12 / 68,410"
pfizer,covidadmittedproxy1,prior_covid_infection-FALSE,prior_covid_infection,FALSE,BNT162b2,COVID-19 hospitalisation (A&E proxy),No prior SARS-CoV-2 infection,Prior SARS-CoV-2 infection,No prior SARS-CoV-2 infection,7-13,2909106,2909616,47895.40862422998,47917.4455852156,48,18,9.604260892917592e-4,2.7129993765800833e-4,0.2824787255186615,0.28,(0.14-0.53),0.28 (0.14-0.53),"48 / 47,895","18 / 47,917"
pfizer,covidadmittedproxy1,prior_covid_infection-FALSE,prior_covid_infection,FALSE,BNT162b2,COVID-19 hospitalisation (A&E proxy),No prior SARS-CoV-2 infection,Prior SARS-CoV-2 infection,No prior SARS-CoV-2 infection,14-27,2005872,2007870,51756.58863791923,51879.876796714576,66,12,0.001255878753036247,1.734776671746057e-4,0.13813249627418356,0.14,(0.06-0.28),0.14 (0.06-0.28),"66 / 51,757","12 / 51,880"
pfizer,covidadmittedproxy1,prior_covid_infection-FALSE,prior_covid_infection,FALSE,BNT162b2,COVID-19 hospitalisation (A&E proxy),No prior SARS-CoV-2 infection,Prior SARS-CoV-2 infection,No prior SARS-CoV-2 infection,28-41,810900,815292,22179.986310746066,22375.843942505133,42,6,0.001893599004596827,8.938210353714533e-5,0.04720223411618026,0.05,(0.01-0.18),0.05 (0.01-0.18),"42 / 22,180","6 / 22,376"
pfizer,covidadmittedproxy1,prior_covid_infection-FALSE,prior_covid_infection,FALSE,BNT162b2,COVID-19 hospitalisation (A&E proxy),No prior SARS-CoV-2 infection,Prior SARS-CoV-2 infection,No prior SARS-CoV-2 infection,42-69,373446,379194,14907.0636550308,15317.19370294319,42,12,0.002750373980335384,6.528611045820036e-4,0.2373717571682353,0.24,(0.11-0.48),0.24 (0.11-0.48),"42 / 14,907","12 / 15,317"
pfizer,covidadmittedproxy1,prior_covid_infection-FALSE,prior_covid_infection,FALSE,BNT162b2,COVID-19 hospitalisation (A&E proxy),No prior SARS-CoV-2 infection,Prior SARS-CoV-2 infection,No prior SARS-CoV-2 infection,All,4047930,4047930,205148.79671457905,205900.21355236138,246,48,0.0011747570732052613,2.0883902575003838e-4,0.17777209477039568,0.18,(0.13-0.25),0.18 (0.13-0.25),"246 /205,149","48 /205,900"
pfizer,covidadmittedproxy1,prior_covid_infection-TRUE,prior_covid_infection,TRUE,BNT162b2,COVID-19 hospitalisation (A&E proxy),Prior SARS-CoV-2 infection,Prior SARS-CoV-2 infection,Prior SARS-CoV-2 infection,0-6,304494,304494,5172.306639288159,5171.58932238193,6,6,3.8667467717560746e-4,3.8672831025933827e-4,1.000138703377533,1,(0.07-13.80),1.00 (0.07-13.80),"6 /  5,172","6 /  5,172"
pfizer,covidadmittedproxy1,prior_covid_infection-TRUE,prior_covid_infection,TRUE,BNT162b2,COVID-19 hospitalisation (A&E proxy),Prior SARS-CoV-2 infection,Prior SARS-CoV-2 infection,Prior SARS-CoV-2 infection,7-13,222978,222948,3747.893223819302,3747.956194387406,6,6,5.336331321525468e-4,2.6681208320884536e-4,0.49999159934577164,0.5,(0.01-9.60),0.50 (0.01-9.60),"6 /  3,748","6 /  3,748"
pfizer,covidadmittedproxy1,prior_covid_infection-TRUE,prior_covid_infection,TRUE,BNT162b2,COVID-19 hospitalisation (A&E proxy),Prior SARS-CoV-2 infection,Prior SARS-CoV-2 infection,Prior SARS-CoV-2 infection,14-27,162714,162768,4178.636550308008,4183.170431211499,12,6,0.0016751875679362517,4.781062672172252e-4,0.2854046175893178,0.29,(0.03-1.50),0.29 (0.03-1.50),"12 /  4,179","6 /  4,183"
pfizer,covidadmittedproxy1,prior_covid_infection-TRUE,prior_covid_infection,TRUE,BNT162b2,COVID-19 hospitalisation (A&E proxy),Prior SARS-CoV-2 infection,Prior SARS-CoV-2 infection,Prior SARS-CoV-2 infection,28-41,66408,66588,1857.09787816564,1865.054072553046,6,6,5.384745800193129e-4,5.361774839220153e-4,0.9957340677117661,1,(0.01-78.16),1.00 (0.01-78.16),"6 /  1,857","6 /  1,865"
pfizer,covidadmittedproxy1,prior_covid_infection-TRUE,prior_covid_infection,TRUE,BNT162b2,COVID-19 hospitalisation (A&E proxy),Prior SARS-CoV-2 infection,Prior SARS-CoV-2 infection,Prior SARS-CoV-2 infection,42-69,32280,32502,1342.1629021218343,1356.561259411362,6,0,7.450660411035749e-4,0,0,0,(NA-38.59),0.00 (NA-38.59),"6 /  1,342","0 /  1,357"
pfizer,covidadmittedproxy1,prior_covid_infection-TRUE,prior_covid_infection,TRUE,BNT162b2,COVID-19 hospitalisation (A&E proxy),Prior SARS-CoV-2 infection,Prior SARS-CoV-2 infection,Prior SARS-CoV-2 infection,All,304494,304494,16298.097193702943,16324.331279945243,18,6,7.976391259356815e-4,3.675495122652354e-4,0.4607967441843783,0.46,(0.14-1.30),0.46 (0.14-1.30),"18 / 16,298","6 / 16,324"
pfizer,covidadmitted,prior_covid_infection-FALSE,prior_covid_infection,FALSE,BNT162b2,COVID-19 hospitalisation,No prior SARS-CoV-2 infection,Prior SARS-CoV-2 infection,No prior SARS-CoV-2 infection,0-6,4047930,4047930,68406.02874743326,68409.20191649556,552,132,0.007996371226571528,0.0019295649752079736,0.24130507708248075,0.24,(0.20-0.29),0.24 (0.20-0.29),"552 / 68,406","132 / 68,409"
pfizer,covidadmitted,prior_covid_infection-FALSE,prior_covid_infection,FALSE,BNT162b2,COVID-19 hospitalisation,No prior SARS-CoV-2 infection,Prior SARS-CoV-2 infection,No prior SARS-CoV-2 infection,7-13,2908620,2909508,47882.17932922656,47914.455852156054,546,174,0.01129856676489622,0.0036314718993551995,0.3214099606542932,0.32,(0.27-0.38),0.32 (0.27-0.38),"546 / 47,882","174 / 47,914"
pfizer,covidadmitted,prior_covid_infection-FALSE,prior_covid_infection,FALSE,BNT162b2,COVID-19 hospitalisation,No prior SARS-CoV-2 infection,Prior SARS-CoV-2 infection,No prior SARS-CoV-2 infection,14-27,2004936,2007684,51710.28610540726,51872.94455852156,870,144,0.016805167123396175,0.00267962424695564,0.15945240099546906,0.16,(0.13-0.19),0.16 (0.13-0.19),"870 / 51,710","144 / 51,873"
pfizer,covidadmitted,prior_covid_infection-FALSE,prior_covid_infection,FALSE,BNT162b2,COVID-19 hospitalisation,No prior SARS-CoV-2 infection,Prior SARS-CoV-2 infection,No prior SARS-CoV-2 infection,28-41,809478,815136,22125.127994524297,22370.90212183436,516,54,0.02323150402235905,0.0023244480583215804,0.10005585760114484,0.1,(0.07-0.13),0.10 (0.07-0.13),"516 / 22,125","54 / 22,371"
pfizer,covidadmitted,prior_covid_infection-FALSE,prior_covid_infection,FALSE,BNT162b2,COVID-19 hospitalisation,No prior SARS-CoV-2 infection,Prior SARS-CoV-2 infection,No prior SARS-CoV-2 infection,42-69,372078,379086,14832.574948665299,15311.279945242984,480,96,0.032024109208545926,0.00613926466867354,0.19170758595324866,0.19,(0.15-0.24),0.19 (0.15-0.24),"480 / 14,833","96 / 15,311"
pfizer,covidadmitted,prior_covid_infection-FALSE,prior_covid_infection,FALSE,BNT162b2,COVID-19 hospitalisation,No prior SARS-CoV-2 infection,Prior SARS-CoV-2 infection,No prior SARS-CoV-2 infection,All,4047930,4047930,204956.19712525667,205878.7843942505,2946,594,0.01437380299459589,0.002870621184882538,0.19971201678232292,0.2,(0.18-0.22),0.20 (0.18-0.22),"2,946 /204,956","594 /205,879"
pfizer,covidadmitted,prior_covid_infection-TRUE,prior_covid_infection,TRUE,BNT162b2,COVID-19 hospitalisation,Prior SARS-CoV-2 infection,Prior SARS-CoV-2 infection,Prior SARS-CoV-2 infection,0-6,304494,304494,5172.167008898015,5171.542778918549,24,12,0.003673508602354306,0.0015469271631304046,0.42110345464796195,0.42,(0.16-1.01),0.42 (0.16-1.01),"24 /  5,172","12 /  5,172"
pfizer,covidadmitted,prior_covid_infection-TRUE,prior_covid_infection,TRUE,BNT162b2,COVID-19 hospitalisation,Prior SARS-CoV-2 infection,Prior SARS-CoV-2 infection,Prior SARS-CoV-2 infection,7-13,222960,222942,3747.4852840520193,3747.8439425051333,12,6,0.003202147330922895,2.6682007451238224e-4,0.08332535856040131,0.08,(0.00-0.56),0.08 (0.00-0.56),"12 /  3,747","6 /  3,748"
pfizer,covidadmitted,prior_covid_infection-TRUE,prior_covid_infection,TRUE,BNT162b2,COVID-19 hospitalisation,Prior SARS-CoV-2 infection,Prior SARS-CoV-2 infection,Prior SARS-CoV-2 infection,14-27,162690,162762,4177.4893908282,4182.995208761123,36,12,0.0074207250096341125,0.0016734420315229548,0.22550923654364952,0.23,(0.08-0.52),0.23 (0.08-0.52),"36 /  4,177","12 /  4,183"
pfizer,covidadmitted,prior_covid_infection-TRUE,prior_covid_infection,TRUE,BNT162b2,COVID-19 hospitalisation,Prior SARS-CoV-2 infection,Prior SARS-CoV-2 infection,Prior SARS-CoV-2 infection,28-41,66378,66582,1855.7399041752224,1864.848733744011,24,12,0.012393978244608733,0.0037536556576072914,0.30286124305891027,0.3,(0.11-0.73),0.30 (0.11-0.73),"24 /  1,856","12 /  1,865"
pfizer,covidadmitted,prior_covid_infection-TRUE,prior_covid_infection,TRUE,BNT162b2,COVID-19 hospitalisation,Prior SARS-CoV-2 infection,Prior SARS-CoV-2 infection,Prior SARS-CoV-2 infection,42-69,32244,32496,1340.1642710472279,1356.290212183436,24,6,0.01716207519995097,0.001474610656358186,0.08592263110246706,0.09,(0.01-0.35),0.09 (0.01-0.35),"24 /  1,340","6 /  1,356"
pfizer,covidadmitted,prior_covid_infection-TRUE,prior_covid_infection,TRUE,BNT162b2,COVID-19 hospitalisation,Prior SARS-CoV-2 infection,Prior SARS-CoV-2 infection,Prior SARS-CoV-2 infection,All,304494,304494,16293.045859000684,16323.520876112252,108,30,0.0066285948578692615,0.001531532332377193,0.23104931968485076,0.23,(0.14-0.36),0.23 (0.14-0.36),"108 / 16,293","30 / 16,324"
pfizer,noncovidadmitted,prior_covid_infection-FALSE,prior_covid_infection,FALSE,BNT162b2,Non-COVID-19 hospitalisation,No prior SARS-CoV-2 infection,Prior SARS-CoV-2 infection,No prior SARS-CoV-2 infection,0-6,4047930,4047930,68324.32580424366,68372.93086926763,10296,5580,0.15064912648374346,0.08153811646102566,0.5412451991205168,0.54,(0.52-0.56),0.54 (0.52-0.56),"10,296 / 68,324","5,580 / 68,373"
pfizer,noncovidadmitted,prior_covid_infection-FALSE,prior_covid_infection,FALSE,BNT162b2,Non-COVID-19 hospitalisation,No prior SARS-CoV-2 infection,Prior SARS-CoV-2 infection,No prior SARS-CoV-2 infection,7-13,2899482,2904942,47660.53388090349,47804.15058179329,7434,4644,0.15587320147449366,0.09714637627655527,0.6232397574284239,0.62,(0.60-0.65),0.62 (0.60-0.65),"7,434 / 47,661","4,644 / 47,804"
pfizer,noncovidadmitted,prior_covid_infection-FALSE,prior_covid_infection,FALSE,BNT162b2,Non-COVID-19 hospitalisation,No prior SARS-CoV-2 infection,Prior SARS-CoV-2 infection,No prior SARS-CoV-2 infection,14-27,1990722,2000760,51120.45995893224,51608.216290212185,8952,5298,0.1750375487072769,0.10265807231560527,0.5864917160562214,0.59,(0.57-0.61),0.59 (0.57-0.61),"8,952 / 51,120","5,298 / 51,608"
pfizer,noncovidadmitted,prior_covid_infection-FALSE,prior_covid_infection,FALSE,BNT162b2,Non-COVID-19 hospitalisation,No prior SARS-CoV-2 infection,Prior SARS-CoV-2 infection,No prior SARS-CoV-2 infection,28-41,793914,808734,21573.963039014372,22152.413415468858,4284,2490,0.1984336393020715,0.11217739364979275,0.5653143995359949,0.57,(0.54-0.59),0.57 (0.54-0.59),"4,284 / 21,574","2,490 / 22,152"
pfizer,noncovidadmitted,prior_covid_infection-FALSE,prior_covid_infection,FALSE,BNT162b2,Non-COVID-19 hospitalisation,No prior SARS-CoV-2 infection,Prior SARS-CoV-2 infection,No prior SARS-CoV-2 infection,42-69,359406,374280,14179.145790554414,15055.553730321697,3060,1896,0.21545726696985654,0.12580075325861365,0.5838779774191313,0.58,(0.55-0.62),0.58 (0.55-0.62),"3,060 / 14,179","1,896 / 15,056"
pfizer,noncovidadmitted,prior_covid_infection-FALSE,prior_covid_infection,FALSE,BNT162b2,Non-COVID-19 hospitalisation,No prior SARS-CoV-2 infection,Prior SARS-CoV-2 infection,No prior SARS-CoV-2 infection,All,4047930,4047930,202858.42847364818,204993.26488706365,34008,19896,0.1676341488784503,0.09705684726257346,0.5789801655088089,0.58,(0.57-0.59),0.58 (0.57-0.59),"34,008 /202,858","19,896 /204,993"
pfizer,noncovidadmitted,prior_covid_infection-TRUE,prior_covid_infection,TRUE,BNT162b2,Non-COVID-19 hospitalisation,Prior SARS-CoV-2 infection,Prior SARS-CoV-2 infection,Prior SARS-CoV-2 infection,0-6,304494,304494,5165.010266940451,5166.464065708419,882,678,0.17057081292538645,0.13084384046854058,0.7670939607104774,0.77,(0.69-0.85),0.77 (0.69-0.85),"882 /  5,165","678 /  5,166"
pfizer,noncovidadmitted,prior_covid_infection-TRUE,prior_covid_infection,TRUE,BNT162b2,Non-COVID-19 hospitalisation,Prior SARS-CoV-2 infection,Prior SARS-CoV-2 infection,Prior SARS-CoV-2 infection,7-13,222150,222384,3727.441478439425,3735.5674195756333,648,390,0.17250438503710755,0.10359871915896618,0.6005570185168393,0.6,(0.53-0.68),0.60 (0.53-0.68),"648 /  3,727","390 /  3,736"
pfizer,noncovidadmitted,prior_covid_infection-TRUE,prior_covid_infection,TRUE,BNT162b2,Non-COVID-19 hospitalisation,Prior SARS-CoV-2 infection,Prior SARS-CoV-2 infection,Prior SARS-CoV-2 infection,14-27,161412,162060,4126.639288158795,4155.750855578371,738,504,0.1778687083472936,0.1205558315238015,0.6777798784506429,0.68,(0.60-0.76),0.68 (0.60-0.76),"738 /  4,127","504 /  4,156"
pfizer,noncovidadmitted,prior_covid_infection-TRUE,prior_covid_infection,TRUE,BNT162b2,Non-COVID-19 hospitalisation,Prior SARS-CoV-2 infection,Prior SARS-CoV-2 infection,Prior SARS-CoV-2 infection,28-41,65076,65916,1810.532511978097,1842.2559890485968,348,228,0.1899993497626634,0.12159005118267043,0.6399498279049584,0.64,(0.54-0.76),0.64 (0.54-0.76),"348 /  1,811","228 /  1,842"
pfizer,noncovidadmitted,prior_covid_infection-TRUE,prior_covid_infection,TRUE,BNT162b2,Non-COVID-19 hospitalisation,Prior SARS-CoV-2 infection,Prior SARS-CoV-2 infection,Prior SARS-CoV-2 infection,42-69,31236,31998,1291.066392881588,1330.6694045174538,246,180,0.1889910552589055,0.13527026276317983,0.7157495500401769,0.72,(0.59-0.87),0.72 (0.59-0.87),"246 /  1,291","180 /  1,331"
pfizer,noncovidadmitted,prior_covid_infection-TRUE,prior_covid_infection,TRUE,BNT162b2,Non-COVID-19 hospitalisation,Prior SARS-CoV-2 infection,Prior SARS-CoV-2 infection,Prior SARS-CoV-2 infection,All,304494,304494,16120.689938398356,16230.707734428473,2850,1968,0.17654331240631502,0.12125164424133465,0.6868096139618906,0.69,(0.65-0.73),0.69 (0.65-0.73),"2,850 / 16,121","1,968 / 16,231"
pfizer,coviddeath,prior_covid_infection-FALSE,prior_covid_infection,FALSE,BNT162b2,COVID-19 death,No prior SARS-CoV-2 infection,Prior SARS-CoV-2 infection,No prior SARS-CoV-2 infection,0-6,4047930,4047930,68410.09993155373,68409.91101984942,18,6,2.631190426268857e-4,1.4617764956745023e-5,0.05555570897038285,0.06,(0.00-0.35),0.06 (0.00-0.35),"18 / 68,410","6 / 68,410"
pfizer,coviddeath,prior_covid_infection-FALSE,prior_covid_infection,FALSE,BNT162b2,COVID-19 death,No prior SARS-CoV-2 infection,Prior SARS-CoV-2 infection,No prior SARS-CoV-2 infection,7-13,2909154,2909622,47896.67898699521,47917.72758384668,54,18,0.001106548535742748,2.712983410419982e-4,0.24517527453948934,0.25,(0.12-0.46),0.25 (0.12-0.46),"54 / 47,897","18 / 47,918"
pfizer,coviddeath,prior_covid_infection-FALSE,prior_covid_infection,FALSE,BNT162b2,COVID-19 death,No prior SARS-CoV-2 infection,Prior SARS-CoV-2 infection,No prior SARS-CoV-2 infection,14-27,2005962,2007888,51760.83230663929,51880.369609856265,150,30,0.002859304872132364,5.589782844278458e-4,0.19549446786028815,0.2,(0.13-0.29),0.20 (0.13-0.29),"150 / 51,761","30 / 51,880"
pfizer,coviddeath,prior_covid_infection-FALSE,prior_covid_infection,FALSE,BNT162b2,COVID-19 death,No prior SARS-CoV-2 infection,Prior SARS-CoV-2 infection,No prior SARS-CoV-2 infection,28-41,811020,815298,22184.585900068447,22376.07665982204,156,12,0.006851604113085159,4.0221528272470523e-4,0.058703812433727236,0.06,(0.03-0.11),0.06 (0.03-0.11),"156 / 22,185","12 / 22,376"
pfizer,coviddeath,prior_covid_infection-FALSE,prior_covid_infection,FALSE,BNT162b2,COVID-19 death,No prior SARS-CoV-2 infection,Prior SARS-CoV-2 infection,No prior SARS-CoV-2 infection,42-69,373560,379194,14913.081451060918,15317.560574948666,138,12,0.009253620752549612,6.528454678582862e-4,0.07055027273280141,0.07,(0.03-0.13),0.07 (0.03-0.13),"138 / 14,913","12 / 15,318"
pfizer,coviddeath,prior_covid_infection-FALSE,prior_covid_infection,FALSE,BNT162b2,COVID-19 death,No prior SARS-CoV-2 infection,Prior SARS-CoV-2 infection,No prior SARS-CoV-2 infection,All,4047930,4047930,205165.2785763176,205901.64544832308,510,66,0.002480926614542439,3.0111464075482914e-4,0.12137184509601633,0.12,(0.09-0.16),0.12 (0.09-0.16),"510 /205,165","66 /205,902"
pfizer,coviddeath,prior_covid_infection-TRUE,prior_covid_infection,TRUE,BNT162b2,COVID-19 death,Prior SARS-CoV-2 infection,Prior SARS-CoV-2 infection,Prior SARS-CoV-2 infection,0-6,304494,304494,5172.3175906913075,5171.60848733744,6,0,1.9333692923259664e-4,0,0,0,(NA-39.01),0.00 (NA-39.01),"6 /  5,172","0 /  5,172"
pfizer,coviddeath,prior_covid_infection-TRUE,prior_covid_infection,TRUE,BNT162b2,COVID-19 death,Prior SARS-CoV-2 infection,Prior SARS-CoV-2 infection,Prior SARS-CoV-2 infection,7-13,222978,222954,3747.953456536619,3748.005475701574,0,0,0,0,NA,NA,(NA-NA),NA (NA-NA),"0 /  3,748","0 /  3,748"
pfizer,coviddeath,prior_covid_infection-TRUE,prior_covid_infection,TRUE,BNT162b2,COVID-19 death,Prior SARS-CoV-2 infection,Prior SARS-CoV-2 infection,Prior SARS-CoV-2 infection,14-27,162720,162768,4178.915811088295,4183.29363449692,6,0,0.0014357791042546627,0,0,0,(NA-0.85),0.00 (NA-0.85),"6 /  4,179","0 /  4,183"
pfizer,coviddeath,prior_covid_infection-TRUE,prior_covid_infection,TRUE,BNT162b2,COVID-19 death,Prior SARS-CoV-2 infection,Prior SARS-CoV-2 infection,Prior SARS-CoV-2 infection,28-41,66420,66588,1857.390828199863,1865.1526351813827,0,6,0,0.001072298300029211,Inf,Inf,(0.19-NA),Inf (0.19-NA),"0 /  1,857","6 /  1,865"
pfizer,coviddeath,prior_covid_infection-TRUE,prior_covid_infection,TRUE,BNT162b2,COVID-19 death,Prior SARS-CoV-2 infection,Prior SARS-CoV-2 infection,Prior SARS-CoV-2 infection,42-69,32292,32502,1342.4750171115675,1356.624229979466,6,0,0.0022346784571490334,0,0,0,(NA-2.39),0.00 (NA-2.39),"6 /  1,342","0 /  1,357"
pfizer,coviddeath,prior_covid_infection-TRUE,prior_covid_infection,TRUE,BNT162b2,COVID-19 death,Prior SARS-CoV-2 infection,Prior SARS-CoV-2 infection,Prior SARS-CoV-2 infection,All,304494,304494,16299.052703627653,16324.684462696783,12,6,6.135325887850106e-4,1.225138534573309e-4,0.1996859754425551,0.2,(0.02-0.94),0.20 (0.02-0.94),"12 / 16,299","6 / 16,325"
pfizer,noncoviddeath,prior_covid_infection-FALSE,prior_covid_infection,FALSE,BNT162b2,Non-COVID-19 death,No prior SARS-CoV-2 infection,Prior SARS-CoV-2 infection,No prior SARS-CoV-2 infection,0-6,4047930,4047930,68410.09993155373,68409.91101984942,852,156,0.012395830452644394,0.0022511358033387337,0.18160427507771376,0.18,(0.15-0.22),0.18 (0.15-0.22),"852 / 68,410","156 / 68,410"
pfizer,noncoviddeath,prior_covid_infection-FALSE,prior_covid_infection,FALSE,BNT162b2,Non-COVID-19 death,No prior SARS-CoV-2 infection,Prior SARS-CoV-2 infection,No prior SARS-CoV-2 infection,7-13,2909154,2909622,47896.67898699521,47917.72758384668,840,228,0.01753775037780959,0.0047581555198135065,0.2713093422651272,0.27,(0.23-0.31),0.27 (0.23-0.31),"840 / 47,897","228 / 47,918"
pfizer,noncoviddeath,prior_covid_infection-FALSE,prior_covid_infection,FALSE,BNT162b2,Non-COVID-19 death,No prior SARS-CoV-2 infection,Prior SARS-CoV-2 infection,No prior SARS-CoV-2 infection,14-27,2005962,2007888,51760.83230663929,51880.369609856265,1452,342,0.02805209915092022,0.006534263393828956,0.2329331348315374,0.23,(0.21-0.26),0.23 (0.21-0.26),"1,452 / 51,761","342 / 51,880"
pfizer,noncoviddeath,prior_covid_infection-FALSE,prior_covid_infection,FALSE,BNT162b2,Non-COVID-19 death,No prior SARS-CoV-2 infection,Prior SARS-CoV-2 infection,No prior SARS-CoV-2 infection,28-41,811020,815298,22184.585900068447,22376.07665982204,1170,210,0.05260409210506829,0.0093403326766070445,0.17755905107061287,0.18,(0.15-0.21),0.18 (0.15-0.21),"1,170 / 22,185","210 / 22,376"
pfizer,noncoviddeath,prior_covid_infection-FALSE,prior_covid_infection,FALSE,BNT162b2,Non-COVID-19 death,No prior SARS-CoV-2 infection,Prior SARS-CoV-2 infection,No prior SARS-CoV-2 infection,42-69,373560,379194,14913.081451060918,15317.560574948666,1218,198,0.08147209575614332,0.012926340263594065,0.15865972445687782,0.16,(0.14-0.18),0.16 (0.14-0.18),"1,218 / 14,913","198 / 15,318"
pfizer,noncoviddeath,prior_covid_infection-FALSE,prior_covid_infection,FALSE,BNT162b2,Non-COVID-19 death,No prior SARS-CoV-2 infection,Prior SARS-CoV-2 infection,No prior SARS-CoV-2 infection,All,4047930,4047930,205165.2785763176,205901.64544832308,5526,1128,0.02691488559037986,0.005478343786636246,0.2035432685842202,0.2,(0.19-0.22),0.20 (0.19-0.22),"5,526 /205,165","1,128 /205,902"
pfizer,noncoviddeath,prior_covid_infection-TRUE,prior_covid_infection,TRUE,BNT162b2,Non-COVID-19 death,Prior SARS-CoV-2 infection,Prior SARS-CoV-2 infection,Prior SARS-CoV-2 infection,0-6,304494,304494,5172.3175906913075,5171.60848733744,36,12,0.006960129452373479,0.0015469075084836388,0.22225269214728854,0.22,(0.09-0.49),0.22 (0.09-0.49),"36 /  5,172","12 /  5,172"
pfizer,noncoviddeath,prior_covid_infection-TRUE,prior_covid_infection,TRUE,BNT162b2,Non-COVID-19 death,Prior SARS-CoV-2 infection,Prior SARS-CoV-2 infection,Prior SARS-CoV-2 infection,7-13,222978,222954,3747.953456536619,3748.005475701574,48,18,0.012540177071310648,0.0034685114747775503,0.2765919057644563,0.28,(0.14-0.52),0.28 (0.14-0.52),"48 /  3,748","18 /  3,748"
pfizer,noncoviddeath,prior_covid_infection-TRUE,prior_covid_infection,TRUE,BNT162b2,Non-COVID-19 death,Prior SARS-CoV-2 infection,Prior SARS-CoV-2 infection,Prior SARS-CoV-2 infection,14-27,162720,162768,4178.915811088295,4183.29363449692,72,24,0.016032866664177067,0.0054980601434080215,0.3429243352776442,0.34,(0.20-0.56),0.34 (0.20-0.56),"72 /  4,179","24 /  4,183"
pfizer,noncoviddeath,prior_covid_infection-TRUE,prior_covid_infection,TRUE,BNT162b2,Non-COVID-19 death,Prior SARS-CoV-2 infection,Prior SARS-CoV-2 infection,Prior SARS-CoV-2 infection,28-41,66420,66588,1857.390828199863,1865.1526351813827,54,18,0.02853465150970207,0.007506088100204478,0.2630516828864138,0.26,(0.13-0.48),0.26 (0.13-0.48),"54 /  1,857","18 /  1,865"
pfizer,noncoviddeath,prior_covid_infection-TRUE,prior_covid_infection,TRUE,BNT162b2,Non-COVID-19 death,Prior SARS-CoV-2 infection,Prior SARS-CoV-2 infection,Prior SARS-CoV-2 infection,42-69,32292,32502,1342.4750171115675,1356.624229979466,60,24,0.04320378350488131,0.014742475888332558,0.34123113052510556,0.34,(0.19-0.58),0.34 (0.19-0.58),"60 /  1,342","24 /  1,357"
pfizer,noncoviddeath,prior_covid_infection-TRUE,prior_covid_infection,TRUE,BNT162b2,Non-COVID-19 death,Prior SARS-CoV-2 infection,Prior SARS-CoV-2 infection,Prior SARS-CoV-2 infection,All,304494,304494,16299.052703627653,16324.684462696783,264,78,0.016013200567288777,0.004778040284835905,0.29838134261531224,0.3,(0.23-0.39),0.30 (0.23-0.39),"264 / 16,299","78 / 16,325"
moderna,postest,prior_covid_infection-FALSE,prior_covid_infection,FALSE,mRNA-1273,Positive SARS-CoV-2 test,No prior SARS-CoV-2 infection,Prior SARS-CoV-2 infection,No prior SARS-CoV-2 infection,0-6,1149750,1149750,18849.24298425736,18883.367556468173,8628,6606,0.45773721561157615,0.3496198429786216,0.7638003445088019,0.76,(0.74-0.79),0.76 (0.74-0.79),"8,628 / 18,849","6,606 / 18,883"
moderna,postest,prior_covid_infection-FALSE,prior_covid_infection,FALSE,mRNA-1273,Positive SARS-CoV-2 test,No prior SARS-CoV-2 infection,Prior SARS-CoV-2 infection,No prior SARS-CoV-2 infection,7-13,760626,764052,12223.364818617385,12333.032169746748,7926,4218,0.6483484799479639,0.34160293608368264,0.5268816796039987,0.53,(0.51-0.55),0.53 (0.51-0.55),"7,926 / 12,223","4,218 / 12,333"
moderna,postest,prior_covid_infection-FALSE,prior_covid_infection,FALSE,mRNA-1273,Positive SARS-CoV-2 test,No prior SARS-CoV-2 infection,Prior SARS-CoV-2 infection,No prior SARS-CoV-2 infection,14-27,504282,513960,11003.783709787816,11351.367556468173,9714,3744,0.882423742240862,0.32956381523108413,0.3734756891220727,0.37,(0.36-0.39),0.37 (0.36-0.39),"9,714 / 11,004","3,744 / 11,351"
moderna,postest,prior_covid_infection-FALSE,prior_covid_infection,FALSE,mRNA-1273,Positive SARS-CoV-2 test,No prior SARS-CoV-2 infection,Prior SARS-CoV-2 infection,No prior SARS-CoV-2 infection,28-41,124500,131358,2498.814510609172,2655.5400410677616,2328,1236,0.9304412112739018,0.46468890730934825,0.49942855247471823,0.5,(0.47-0.54),0.50 (0.47-0.54),"2,328 /  2,499","1,236 /  2,656"
moderna,postest,prior_covid_infection-FALSE,prior_covid_infection,FALSE,mRNA-1273,Positive SARS-CoV-2 test,No prior SARS-CoV-2 infection,Prior SARS-CoV-2 infection,No prior SARS-CoV-2 infection,42-69,22674,24222,352.2381930184805,377.37440109514034,276,198,0.7835606855543896,0.5220279897849618,0.6662253471990027,0.67,(0.55-0.80),0.67 (0.55-0.80),276 /    352,198 /    377
moderna,postest,prior_covid_infection-FALSE,prior_covid_infection,FALSE,mRNA-1273,Positive SARS-CoV-2 test,No prior SARS-CoV-2 infection,Prior SARS-CoV-2 infection,No prior SARS-CoV-2 infection,All,1149750,1149750,44927.44421629021,45600.681724846,28866,15990,0.642458090004911,0.3505868639522843,0.5456960841595198,0.55,(0.54-0.56),0.55 (0.54-0.56),"28,866 / 44,927","15,990 / 45,601"
moderna,postest,prior_covid_infection-TRUE,prior_covid_infection,TRUE,mRNA-1273,Positive SARS-CoV-2 test,Prior SARS-CoV-2 infection,Prior SARS-CoV-2 infection,Prior SARS-CoV-2 infection,0-6,107622,107622,1783.8466803559206,1784.7611225188227,378,264,0.2113410329214949,0.14623805769124568,0.6919529807804409,0.69,(0.59-0.81),0.69 (0.59-0.81),"378 /  1,784","264 /  1,785"
moderna,postest,prior_covid_infection-TRUE,prior_covid_infection,TRUE,mRNA-1273,Positive SARS-CoV-2 test,Prior SARS-CoV-2 infection,Prior SARS-CoV-2 infection,Prior SARS-CoV-2 infection,7-13,73374,73530,1205.7111567419577,1212.1560574948664,558,174,0.46113863746803935,0.1410709445724353,0.3059187261926467,0.31,(0.26-0.36),0.31 (0.26-0.36),"558 /  1,206","174 /  1,212"
moderna,postest,prior_covid_infection-TRUE,prior_covid_infection,TRUE,mRNA-1273,Positive SARS-CoV-2 test,Prior SARS-CoV-2 infection,Prior SARS-CoV-2 infection,Prior SARS-CoV-2 infection,14-27,51588,52206,1089.9219712525667,1107.129363449692,846,204,0.7725323667274564,0.18245383662356354,0.23617630080207613,0.24,(0.20-0.28),0.24 (0.20-0.28),"846 /  1,090","204 /  1,107"
moderna,postest,prior_covid_infection-TRUE,prior_covid_infection,TRUE,mRNA-1273,Positive SARS-CoV-2 test,Prior SARS-CoV-2 infection,Prior SARS-CoV-2 infection,Prior SARS-CoV-2 infection,28-41,11796,12054,227.98631074606433,233.50034223134838,228,72,0.9956738159285234,0.3040680768238632,0.30538924691948655,0.31,(0.23-0.40),0.31 (0.23-0.40),228 /    228,72 /    234
moderna,postest,prior_covid_infection-TRUE,prior_covid_infection,TRUE,mRNA-1273,Positive SARS-CoV-2 test,Prior SARS-CoV-2 infection,Prior SARS-CoV-2 infection,Prior SARS-CoV-2 infection,42-69,1848,1890,24.95277207392197,25.51129363449692,24,12,0.7614384463462804,0.47037990985189954,0.6177517199308639,0.62,(0.27-1.34),0.62 (0.27-1.34),24 /     25,12 /     26
moderna,postest,prior_covid_infection-TRUE,prior_covid_infection,TRUE,mRNA-1273,Positive SARS-CoV-2 test,Prior SARS-CoV-2 infection,Prior SARS-CoV-2 infection,Prior SARS-CoV-2 infection,All,107622,107622,4332.418891170431,4363.058179329227,2022,720,0.46648305502472165,0.1643342743850899,0.35228348085737193,0.35,(0.32-0.38),0.35 (0.32-0.38),"2,022 /  4,332","720 /  4,363"
moderna,covidemergency,prior_covid_infection-FALSE,prior_covid_infection,FALSE,mRNA-1273,COVID-19 A&E attendance,No prior SARS-CoV-2 infection,Prior SARS-CoV-2 infection,No prior SARS-CoV-2 infection,0-6,1149750,1149750,18921.52772073922,18922.14647501711,36,24,0.0016911953660552433,0.0010569625399743088,0.6249795624970881,0.62,(0.34-1.13),0.62 (0.34-1.13),"36 / 18,922","24 / 18,922"
moderna,covidemergency,prior_covid_infection-FALSE,prior_covid_infection,FALSE,mRNA-1273,COVID-19 A&E attendance,No prior SARS-CoV-2 infection,Prior SARS-CoV-2 infection,No prior SARS-CoV-2 infection,7-13,769182,769356,12450.817248459958,12456.465434633812,42,18,0.003373272546040701,0.0010436347347663288,0.3093834608742986,0.31,(0.15-0.59),0.31 (0.15-0.59),"42 / 12,451","18 / 12,456"
moderna,covidemergency,prior_covid_infection-FALSE,prior_covid_infection,FALSE,mRNA-1273,COVID-19 A&E attendance,No prior SARS-CoV-2 infection,Prior SARS-CoV-2 infection,No prior SARS-CoV-2 infection,14-27,520650,521118,11481.798767967146,11504.865160848734,60,12,0.00522566204237901,6.9535799752127e-4,0.13306600998726367,0.13,(0.05-0.28),0.13 (0.05-0.28),"60 / 11,482","12 / 11,505"
moderna,covidemergency,prior_covid_infection-FALSE,prior_covid_infection,FALSE,mRNA-1273,COVID-19 A&E attendance,No prior SARS-CoV-2 infection,Prior SARS-CoV-2 infection,No prior SARS-CoV-2 infection,28-41,132552,133164,2675.5728952772074,2694.3353867214237,30,0,0.0100912967266409,0,0,0,(NA-0.15),0.00 (NA-0.15),"30 /  2,676","0 /  2,694"
moderna,covidemergency,prior_covid_infection-FALSE,prior_covid_infection,FALSE,mRNA-1273,COVID-19 A&E attendance,No prior SARS-CoV-2 infection,Prior SARS-CoV-2 infection,No prior SARS-CoV-2 infection,42-69,24318,24636,375.53456536618756,383.0390143737166,12,0,0.021302965792773614,0,0,0,(NA-0.57),0.00 (NA-0.57),12 /    376,0 /    383
moderna,covidemergency,prior_covid_infection-FALSE,prior_covid_infection,FALSE,mRNA-1273,COVID-19 A&E attendance,No prior SARS-CoV-2 infection,Prior SARS-CoV-2 infection,No prior SARS-CoV-2 infection,All,1149750,1149750,45905.25119780972,45960.8514715948,174,42,0.003681496029109269,8.92063542933691e-4,0.24231006522354556,0.24,(0.17-0.34),0.24 (0.17-0.34),"174 / 45,905","42 / 45,961"
moderna,covidemergency,prior_covid_infection-TRUE,prior_covid_infection,TRUE,mRNA-1273,COVID-19 A&E attendance,Prior SARS-CoV-2 infection,Prior SARS-CoV-2 infection,Prior SARS-CoV-2 infection,0-6,107622,107622,1786.6228610540725,1786.406570841889,0,0,0,0,NA,NA,(NA-NA),NA (NA-NA),"0 /  1,787","0 /  1,786"
moderna,covidemergency,prior_covid_infection-TRUE,prior_covid_infection,TRUE,mRNA-1273,COVID-19 A&E attendance,Prior SARS-CoV-2 infection,Prior SARS-CoV-2 infection,Prior SARS-CoV-2 infection,7-13,73746,73740,1217.2265571526352,1217.1060917180014,6,6,0.0016430794976067945,8.216210622924859e-4,0.5000494884691867,0.5,(0.01-9.61),0.50 (0.01-9.61),"6 /  1,217","6 /  1,217"
moderna,covidemergency,prior_covid_infection-TRUE,prior_covid_infection,TRUE,mRNA-1273,COVID-19 A&E attendance,Prior SARS-CoV-2 infection,Prior SARS-CoV-2 infection,Prior SARS-CoV-2 infection,14-27,52506,52512,1112.4271047227926,1113.1143052703628,6,0,0.003595741224767052,0,0,0,(NA-1.51),0.00 (NA-1.51),"6 /  1,112","0 /  1,113"
moderna,covidemergency,prior_covid_infection-TRUE,prior_covid_infection,TRUE,mRNA-1273,COVID-19 A&E attendance,Prior SARS-CoV-2 infection,Prior SARS-CoV-2 infection,Prior SARS-CoV-2 infection,28-41,12096,12120,234.12731006160163,234.88843258042436,6,0,0.008542360989300123,0,0,0,(NA-5.31),0.00 (NA-5.31),6 /    234,0 /    235
moderna,covidemergency,prior_covid_infection-TRUE,prior_covid_infection,TRUE,mRNA-1273,COVID-19 A&E attendance,Prior SARS-CoV-2 infection,Prior SARS-CoV-2 infection,Prior SARS-CoV-2 infection,42-69,1890,1908,25.555099247091032,25.749486652977414,6,6,0.039131133490464966,0.03883572567783094,0.9924508240297714,0.99,(0.01-77.90),0.99 (0.01-77.90),6 /     26,6 /     26
moderna,covidemergency,prior_covid_infection-TRUE,prior_covid_infection,TRUE,mRNA-1273,COVID-19 A&E attendance,Prior SARS-CoV-2 infection,Prior SARS-CoV-2 infection,Prior SARS-CoV-2 infection,All,107622,107622,4375.958932238193,4377.264887063655,12,6,0.0020566920620977416,4.569063220073105e-4,0.22215592233155448,0.22,(0.02-1.07),0.22 (0.02-1.07),"12 /  4,376","6 /  4,377"
moderna,covidadmittedproxy1,prior_covid_infection-FALSE,prior_covid_infection,FALSE,mRNA-1273,COVID-19 hospitalisation (A&E proxy),No prior SARS-CoV-2 infection,Prior SARS-CoV-2 infection,No prior SARS-CoV-2 infection,0-6,1149750,1149750,18921.661875427788,18922.2340862423,18,6,7.927422072518603e-4,2.642394115415434e-4,0.333323253290073,0.33,(0.09-0.96),0.33 (0.09-0.96),"18 / 18,922","6 / 18,922"
moderna,covidadmittedproxy1,prior_covid_infection-FALSE,prior_covid_infection,FALSE,mRNA-1273,COVID-19 hospitalisation (A&E proxy),No prior SARS-CoV-2 infection,Prior SARS-CoV-2 infection,No prior SARS-CoV-2 infection,7-13,769200,769368,12451.35112936345,12456.750171115675,12,6,8.834382618974744e-4,3.2111103980194414e-4,0.36347875528081897,0.36,(0.08-1.23),0.36 (0.08-1.23),"12 / 12,451","6 / 12,457"
moderna,covidadmittedproxy1,prior_covid_infection-FALSE,prior_covid_infection,FALSE,mRNA-1273,COVID-19 hospitalisation (A&E proxy),No prior SARS-CoV-2 infection,Prior SARS-CoV-2 infection,No prior SARS-CoV-2 infection,14-27,520692,521130,11483.490759753593,11505.319644079398,12,0,0.0010449784173691007,0,0,0,(NA-0.36),0.00 (NA-0.36),"12 / 11,483","0 / 11,505"
moderna,covidadmittedproxy1,prior_covid_infection-FALSE,prior_covid_infection,FALSE,mRNA-1273,COVID-19 hospitalisation (A&E proxy),No prior SARS-CoV-2 infection,Prior SARS-CoV-2 infection,No prior SARS-CoV-2 infection,28-41,132594,133176,2676.933607118412,2694.5188227241615,12,0,0.00261493224239325,0,0,0,(NA-0.69),0.00 (NA-0.69),"12 /  2,677","0 /  2,695"
moderna,covidadmittedproxy1,prior_covid_infection-FALSE,prior_covid_infection,FALSE,mRNA-1273,COVID-19 hospitalisation (A&E proxy),No prior SARS-CoV-2 infection,Prior SARS-CoV-2 infection,No prior SARS-CoV-2 infection,42-69,24336,24636,376.01368925393564,383.04722792607805,6,0,0.0026594776429127924,0,0,0,(NA-38.28),0.00 (NA-38.28),6 /    376,0 /    383
moderna,covidadmittedproxy1,prior_covid_infection-FALSE,prior_covid_infection,FALSE,mRNA-1273,COVID-19 hospitalisation (A&E proxy),No prior SARS-CoV-2 infection,Prior SARS-CoV-2 infection,No prior SARS-CoV-2 infection,All,1149750,1149750,45909.45106091718,45961.86995208761,48,12,0.0010019723376557624,1.9581448729962336e-4,0.19542903525436187,0.2,(0.08-0.40),0.20 (0.08-0.40),"48 / 45,909","12 / 45,962"
moderna,covidadmittedproxy1,prior_covid_infection-TRUE,prior_covid_infection,TRUE,mRNA-1273,COVID-19 hospitalisation (A&E proxy),Prior SARS-CoV-2 infection,Prior SARS-CoV-2 infection,Prior SARS-CoV-2 infection,0-6,107622,107622,1786.6228610540725,1786.406570841889,0,0,0,0,NA,NA,(NA-NA),NA (NA-NA),"0 /  1,787","0 /  1,786"
moderna,covidadmittedproxy1,prior_covid_infection-TRUE,prior_covid_infection,TRUE,mRNA-1273,COVID-19 hospitalisation (A&E proxy),Prior SARS-CoV-2 infection,Prior SARS-CoV-2 infection,Prior SARS-CoV-2 infection,7-13,73746,73740,1217.2265571526352,1217.1060917180014,0,0,0,0,NA,NA,(NA-NA),NA (NA-NA),"0 /  1,217","0 /  1,217"
moderna,covidadmittedproxy1,prior_covid_infection-TRUE,prior_covid_infection,TRUE,mRNA-1273,COVID-19 hospitalisation (A&E proxy),Prior SARS-CoV-2 infection,Prior SARS-CoV-2 infection,Prior SARS-CoV-2 infection,14-27,52512,52512,1112.473648186174,1113.141683778234,6,0,8.988976967053953e-4,0,0,0,(NA-38.98),0.00 (NA-38.98),"6 /  1,112","0 /  1,113"
moderna,covidadmittedproxy1,prior_covid_infection-TRUE,prior_covid_infection,TRUE,mRNA-1273,COVID-19 hospitalisation (A&E proxy),Prior SARS-CoV-2 infection,Prior SARS-CoV-2 infection,Prior SARS-CoV-2 infection,28-41,12102,12120,234.16837782340863,234.88843258042436,0,0,0,0,NA,NA,(NA-NA),NA (NA-NA),0 /    234,0 /    235
moderna,covidadmittedproxy1,prior_covid_infection-TRUE,prior_covid_infection,TRUE,mRNA-1273,COVID-19 hospitalisation (A&E proxy),Prior SARS-CoV-2 infection,Prior SARS-CoV-2 infection,Prior SARS-CoV-2 infection,42-69,1890,1908,25.560574948665298,25.749486652977414,0,6,0,0.03883572567783094,Inf,Inf,(0.03-NA),Inf (0.03-NA),0 /     26,6 /     26
moderna,covidadmittedproxy1,prior_covid_infection-TRUE,prior_covid_infection,TRUE,mRNA-1273,COVID-19 hospitalisation (A&E proxy),Prior SARS-CoV-2 infection,Prior SARS-CoV-2 infection,Prior SARS-CoV-2 infection,All,107622,107622,4376.052019164956,4377.2922655715265,6,6,2.2851647915072577e-4,2.284517321050834e-4,0.9997166635601817,1,(0.01-78.47),1.00 (0.01-78.47),"6 /  4,376","6 /  4,377"
moderna,covidadmitted,prior_covid_infection-FALSE,prior_covid_infection,FALSE,mRNA-1273,COVID-19 hospitalisation,No prior SARS-CoV-2 infection,Prior SARS-CoV-2 infection,No prior SARS-CoV-2 infection,0-6,1149750,1149750,18920.84052019165,18922.08350444901,126,30,0.0063950647367316,0.0015326007832690014,0.23965367769713702,0.24,(0.15-0.36),0.24 (0.15-0.36),"126 / 18,921","30 / 18,922"
moderna,covidadmitted,prior_covid_infection-FALSE,prior_covid_infection,FALSE,mRNA-1273,COVID-19 hospitalisation,No prior SARS-CoV-2 infection,Prior SARS-CoV-2 infection,No prior SARS-CoV-2 infection,7-13,769092,769344,12448.585900068447,12456.221765913757,114,30,0.009077336245828427,0.002247872631540772,0.24763571279777175,0.25,(0.16-0.38),0.25 (0.16-0.38),"114 / 12,449","30 / 12,456"
moderna,covidadmitted,prior_covid_infection-FALSE,prior_covid_infection,FALSE,mRNA-1273,COVID-19 hospitalisation,No prior SARS-CoV-2 infection,Prior SARS-CoV-2 infection,No prior SARS-CoV-2 infection,14-27,520494,521100,11475.572895277208,11504.498288843259,156,18,0.013245526074132288,0.0013907603441965265,0.10499849809005303,0.1,(0.06-0.18),0.10 (0.06-0.18),"156 / 11,476","18 / 11,504"
moderna,covidadmitted,prior_covid_infection-FALSE,prior_covid_infection,FALSE,mRNA-1273,COVID-19 hospitalisation,No prior SARS-CoV-2 infection,Prior SARS-CoV-2 infection,No prior SARS-CoV-2 infection,28-41,132408,133158,2671.8658453114303,2694.154688569473,60,6,0.020959136140112862,0.001855869680094305,0.0885470502070183,0.09,(0.03-0.22),0.09 (0.03-0.22),"60 /  2,672","6 /  2,694"
moderna,covidadmitted,prior_covid_infection-FALSE,prior_covid_infection,FALSE,mRNA-1273,COVID-19 hospitalisation,No prior SARS-CoV-2 infection,Prior SARS-CoV-2 infection,No prior SARS-CoV-2 infection,42-69,24264,24636,374.5434633812457,383.02258726899385,18,6,0.037378839490650725,0.002610812085861943,0.06984732863402474,0.07,(0.00-0.46),0.07 (0.00-0.46),18 /    375,6 /    383
moderna,covidadmitted,prior_covid_infection-FALSE,prior_covid_infection,FALSE,mRNA-1273,COVID-19 hospitalisation,No prior SARS-CoV-2 infection,Prior SARS-CoV-2 infection,No prior SARS-CoV-2 infection,All,1149750,1149750,45891.40862422998,45959.98083504449,456,84,0.009936500396704729,0.0017188867045776159,0.17298713188273562,0.17,(0.13-0.22),0.17 (0.13-0.22),"456 / 45,891","84 / 45,960"
moderna,covidadmitted,prior_covid_infection-TRUE,prior_covid_infection,TRUE,mRNA-1273,COVID-19 hospitalisation,Prior SARS-CoV-2 infection,Prior SARS-CoV-2 infection,Prior SARS-CoV-2 infection,0-6,107622,107622,1786.5954825462013,1786.3874058863792,6,6,0.0022388951718938202,0.0016793669671621113,0.7500873592672858,0.75,(0.11-4.43),0.75 (0.11-4.43),"6 /  1,787","6 /  1,786"
moderna,covidadmitted,prior_covid_infection-TRUE,prior_covid_infection,TRUE,mRNA-1273,COVID-19 hospitalisation,Prior SARS-CoV-2 infection,Prior SARS-CoV-2 infection,Prior SARS-CoV-2 infection,7-13,73740,73734,1217.0924024640658,1217.0431211498974,12,6,0.007394672731321829,8.216635734773072e-4,0.11111561029563392,0.11,(0.00-0.80),0.11 (0.00-0.80),"12 /  1,217","6 /  1,217"
moderna,covidadmitted,prior_covid_infection-TRUE,prior_covid_infection,TRUE,mRNA-1273,COVID-19 hospitalisation,Prior SARS-CoV-2 infection,Prior SARS-CoV-2 infection,Prior SARS-CoV-2 infection,14-27,52500,52506,1112.1368925393565,1113.0896646132785,12,6,0.007193359067275879,0.0017968004407756867,0.24978600733970227,0.25,(0.03-1.25),0.25 (0.03-1.25),"12 /  1,112","6 /  1,113"
moderna,covidadmitted,prior_covid_infection-TRUE,prior_covid_infection,TRUE,mRNA-1273,COVID-19 hospitalisation,Prior SARS-CoV-2 infection,Prior SARS-CoV-2 infection,Prior SARS-CoV-2 infection,28-41,12090,12114,234.02053388090349,234.85284052019165,6,0,0.012819387898357433,0,0,0,(NA-2.41),0.00 (NA-2.41),6 /    234,0 /    235
moderna,covidadmitted,prior_covid_infection-TRUE,prior_covid_infection,TRUE,mRNA-1273,COVID-19 hospitalisation,Prior SARS-CoV-2 infection,Prior SARS-CoV-2 infection,Prior SARS-CoV-2 infection,42-69,1890,1908,25.527720739219713,25.76865160848734,6,0,0.039173101673101673,0,0,0,(NA-38.64),0.00 (NA-38.64),6 /     26,0 /     26
moderna,covidadmitted,prior_covid_infection-TRUE,prior_covid_infection,TRUE,mRNA-1273,COVID-19 hospitalisation,Prior SARS-CoV-2 infection,Prior SARS-CoV-2 infection,Prior SARS-CoV-2 infection,All,107622,107622,4375.373032169747,4377.141683778234,30,6,0.0057137985301341275,0.0013707575476106034,0.23990302429834287,0.24,(0.08-0.60),0.24 (0.08-0.60),"30 /  4,375","6 /  4,377"
moderna,noncovidadmitted,prior_covid_infection-FALSE,prior_covid_infection,FALSE,mRNA-1273,Non-COVID-19 hospitalisation,No prior SARS-CoV-2 infection,Prior SARS-CoV-2 infection,No prior SARS-CoV-2 infection,0-6,1149750,1149750,18905.65366187543,18915.58110882957,1932,1002,0.10213875883561732,0.05270787052556435,0.5160418153346927,0.52,(0.48-0.56),0.52 (0.48-0.56),"1,932 / 18,906","1,002 / 18,916"
moderna,noncovidadmitted,prior_covid_infection-FALSE,prior_covid_infection,FALSE,mRNA-1273,Non-COVID-19 hospitalisation,No prior SARS-CoV-2 infection,Prior SARS-CoV-2 infection,No prior SARS-CoV-2 infection,7-13,767436,768582,12408.950034223135,12438.79808350445,1338,684,0.10782539991779133,0.05490884210957259,0.5092384739721476,0.51,(0.46-0.56),0.51 (0.46-0.56),"1,338 / 12,409","684 / 12,439"
moderna,noncovidadmitted,prior_covid_infection-FALSE,prior_covid_infection,FALSE,mRNA-1273,Non-COVID-19 hospitalisation,No prior SARS-CoV-2 infection,Prior SARS-CoV-2 infection,No prior SARS-CoV-2 infection,14-27,517986,520044,11386.956878850102,11468.331279945243,1374,726,0.12040091260435587,0.06313037026285281,0.5243346491093697,0.52,(0.48-0.57),0.52 (0.48-0.57),"1,374 / 11,387","726 / 11,468"
moderna,noncovidadmitted,prior_covid_infection-FALSE,prior_covid_infection,FALSE,mRNA-1273,Non-COVID-19 hospitalisation,No prior SARS-CoV-2 infection,Prior SARS-CoV-2 infection,No prior SARS-CoV-2 infection,28-41,130566,132516,2625.2101300479126,2677.7741273100614,366,198,0.1378937235753365,0.07207478705228837,0.5226835941732418,0.52,(0.44-0.62),0.52 (0.44-0.62),"366 /  2,625","198 /  2,678"
moderna,noncovidadmitted,prior_covid_infection-FALSE,prior_covid_infection,FALSE,mRNA-1273,Non-COVID-19 hospitalisation,No prior SARS-CoV-2 infection,Prior SARS-CoV-2 infection,No prior SARS-CoV-2 infection,42-69,23598,24408,361.40451745379875,378.52156057494864,66,36,0.1687859366832572,0.09510686774438538,0.5634762564541288,0.56,(0.36-0.86),0.56 (0.36-0.86),66 /    361,36 /    379
moderna,noncovidadmitted,prior_covid_infection-FALSE,prior_covid_infection,FALSE,mRNA-1273,Non-COVID-19 hospitalisation,No prior SARS-CoV-2 infection,Prior SARS-CoV-2 infection,No prior SARS-CoV-2 infection,All,1149750,1149750,45688.17522245038,45879.006160164274,5064,2634,0.1108164196829671,0.05739008362143153,0.5178842971611779,0.52,(0.49-0.54),0.52 (0.49-0.54),"5,064 / 45,688","2,634 / 45,879"
moderna,noncovidadmitted,prior_covid_infection-TRUE,prior_covid_infection,TRUE,mRNA-1273,Non-COVID-19 hospitalisation,Prior SARS-CoV-2 infection,Prior SARS-CoV-2 infection,Prior SARS-CoV-2 infection,0-6,107622,107622,1784.807665982204,1785.3798767967146,210,132,0.11765973667780844,0.07113332106546441,0.6045680797353061,0.6,(0.48-0.76),0.60 (0.48-0.76),"210 /  1,785","132 /  1,785"
moderna,noncovidadmitted,prior_covid_infection-TRUE,prior_covid_infection,TRUE,mRNA-1273,Non-COVID-19 hospitalisation,Prior SARS-CoV-2 infection,Prior SARS-CoV-2 infection,Prior SARS-CoV-2 infection,7-13,73548,73638,1212.8240930869267,1214.9185489390827,120,72,0.09894262546728551,0.05761703124964789,0.5823276972642943,0.58,(0.43-0.79),0.58 (0.43-0.79),"120 /  1,213","72 /  1,215"
moderna,noncovidadmitted,prior_covid_infection-TRUE,prior_covid_infection,TRUE,mRNA-1273,Non-COVID-19 hospitalisation,Prior SARS-CoV-2 infection,Prior SARS-CoV-2 infection,Prior SARS-CoV-2 infection,14-27,52248,52386,1103.6386036960985,1109.0677618069815,138,78,0.12322874493927126,0.06582104584941013,0.534137111287205,0.53,(0.40-0.71),0.53 (0.40-0.71),"138 /  1,104","78 /  1,109"
moderna,noncovidadmitted,prior_covid_infection-TRUE,prior_covid_infection,TRUE,mRNA-1273,Non-COVID-19 hospitalisation,Prior SARS-CoV-2 infection,Prior SARS-CoV-2 infection,Prior SARS-CoV-2 infection,28-41,11934,12048,229.96851471594798,232.81314168377824,30,30,0.13045264060193343,0.11167754454048333,0.8560773015033025,0.86,(0.49-1.50),0.86 (0.49-1.50),30 /    230,30 /    233
moderna,noncovidadmitted,prior_covid_infection-TRUE,prior_covid_infection,TRUE,mRNA-1273,Non-COVID-19 hospitalisation,Prior SARS-CoV-2 infection,Prior SARS-CoV-2 infection,Prior SARS-CoV-2 infection,42-69,1848,1878,24.739219712525667,25.39082819986311,6,6,0.16168658698539176,0.07876860038818201,0.4871684278628423,0.49,(0.04-3.40),0.49 (0.04-3.40),6 /     25,6 /     25
moderna,noncovidadmitted,prior_covid_infection-TRUE,prior_covid_infection,TRUE,mRNA-1273,Non-COVID-19 hospitalisation,Prior SARS-CoV-2 infection,Prior SARS-CoV-2 infection,Prior SARS-CoV-2 infection,All,107622,107622,4355.9780971937025,4367.57015742642,504,300,0.11478478285327473,0.06823015756101689,0.5944181438077297,0.59,(0.51-0.69),0.59 (0.51-0.69),"504 /  4,356","300 /  4,368"
moderna,coviddeath,prior_covid_infection-FALSE,prior_covid_infection,FALSE,mRNA-1273,COVID-19 death,No prior SARS-CoV-2 infection,Prior SARS-CoV-2 infection,No prior SARS-CoV-2 infection,0-6,1149750,1149750,18921.787816563996,18922.258726899385,6,0,1.0569825744738637e-4,0,0,0,(NA-5.32),0.00 (NA-5.32),"6 / 18,922","0 / 18,922"
moderna,coviddeath,prior_covid_infection-FALSE,prior_covid_infection,FALSE,mRNA-1273,COVID-19 death,No prior SARS-CoV-2 infection,Prior SARS-CoV-2 infection,No prior SARS-CoV-2 infection,7-13,769212,769368,12451.726214921287,12456.845995893224,18,6,0.0012046522499045182,2.408314272319848e-4,0.19991779972276091,0.2,(0.04-0.71),0.20 (0.04-0.71),"18 / 12,452","6 / 12,457"
moderna,coviddeath,prior_covid_infection-FALSE,prior_covid_infection,FALSE,mRNA-1273,COVID-19 death,No prior SARS-CoV-2 infection,Prior SARS-CoV-2 infection,No prior SARS-CoV-2 infection,14-27,520716,521136,11484.459958932239,11505.429158110883,18,0,0.0011319644150867558,0,0,0,(NA-0.33),0.00 (NA-0.33),"18 / 11,484","0 / 11,505"
moderna,coviddeath,prior_covid_infection-FALSE,prior_covid_infection,FALSE,mRNA-1273,COVID-19 death,No prior SARS-CoV-2 infection,Prior SARS-CoV-2 infection,No prior SARS-CoV-2 infection,28-41,132612,133176,2677.4674880219027,2694.5407255304585,12,0,0.004108359877089202,0,0,0,(NA-0.40),0.00 (NA-0.40),"12 /  2,677","0 /  2,695"
moderna,coviddeath,prior_covid_infection-FALSE,prior_covid_infection,FALSE,mRNA-1273,COVID-19 death,No prior SARS-CoV-2 infection,Prior SARS-CoV-2 infection,No prior SARS-CoV-2 infection,42-69,24342,24636,376.1697467488022,383.04722792607805,6,0,0.005316748668083496,0,0,0,(NA-5.23),0.00 (NA-5.23),6 /    376,0 /    383
moderna,coviddeath,prior_covid_infection-FALSE,prior_covid_infection,FALSE,mRNA-1273,COVID-19 death,No prior SARS-CoV-2 infection,Prior SARS-CoV-2 infection,No prior SARS-CoV-2 infection,All,1149750,1149750,45911.61122518823,45962.12183436003,48,6,9.365822468981257e-4,6.527113806476362e-5,0.06969077011755842,0.07,(0.01-0.22),0.07 (0.01-0.22),"48 / 45,912","6 / 45,962"
moderna,coviddeath,prior_covid_infection-TRUE,prior_covid_infection,TRUE,mRNA-1273,COVID-19 death,Prior SARS-CoV-2 infection,Prior SARS-CoV-2 infection,Prior SARS-CoV-2 infection,0-6,107622,107622,1786.6228610540725,1786.406570841889,0,6,0,5.597829835168624e-4,Inf,Inf,(0.03-NA),Inf (0.03-NA),"0 /  1,787","6 /  1,786"
moderna,coviddeath,prior_covid_infection-TRUE,prior_covid_infection,TRUE,mRNA-1273,COVID-19 death,Prior SARS-CoV-2 infection,Prior SARS-CoV-2 infection,Prior SARS-CoV-2 infection,7-13,73746,73740,1217.2265571526352,1217.1060917180014,6,0,8.215397488033973e-4,0,0,0,(NA-39.00),0.00 (NA-39.00),"6 /  1,217","0 /  1,217"
moderna,coviddeath,prior_covid_infection-TRUE,prior_covid_infection,TRUE,mRNA-1273,COVID-19 death,Prior SARS-CoV-2 infection,Prior SARS-CoV-2 infection,Prior SARS-CoV-2 infection,14-27,52512,52512,1112.5092402464065,1113.141683778234,0,0,0,0,NA,NA,(NA-NA),NA (NA-NA),"0 /  1,113","0 /  1,113"
moderna,coviddeath,prior_covid_infection-TRUE,prior_covid_infection,TRUE,mRNA-1273,COVID-19 death,Prior SARS-CoV-2 infection,Prior SARS-CoV-2 infection,Prior SARS-CoV-2 infection,28-41,12102,12120,234.17659137577002,234.88843258042436,0,0,0,0,NA,NA,(NA-NA),NA (NA-NA),0 /    234,0 /    235
moderna,coviddeath,prior_covid_infection-TRUE,prior_covid_infection,TRUE,mRNA-1273,COVID-19 death,Prior SARS-CoV-2 infection,Prior SARS-CoV-2 infection,Prior SARS-CoV-2 infection,42-69,1890,1908,25.560574948665298,25.76865160848734,0,0,0,0,NA,NA,(NA-NA),NA (NA-NA),0 /     26,0 /     26
moderna,coviddeath,prior_covid_infection-TRUE,prior_covid_infection,TRUE,mRNA-1273,COVID-19 death,Prior SARS-CoV-2 infection,Prior SARS-CoV-2 infection,Prior SARS-CoV-2 infection,All,107622,107622,4376.09582477755,4377.3114305270365,6,6,2.285141916541174e-4,2.2845073188671846e-4,0.9997222939768441,1,(0.01-78.48),1.00 (0.01-78.48),"6 /  4,376","6 /  4,377"
moderna,noncoviddeath,prior_covid_infection-FALSE,prior_covid_infection,FALSE,mRNA-1273,Non-COVID-19 death,No prior SARS-CoV-2 infection,Prior SARS-CoV-2 infection,No prior SARS-CoV-2 infection,0-6,1149750,1149750,18921.787816563996,18922.258726899385,168,30,0.008720106239409376,0.0013211953372385008,0.15151138082097348,0.15,(0.10-0.23),0.15 (0.10-0.23),"168 / 18,922","30 / 18,922"
moderna,noncoviddeath,prior_covid_infection-FALSE,prior_covid_infection,FALSE,mRNA-1273,Non-COVID-19 death,No prior SARS-CoV-2 infection,Prior SARS-CoV-2 infection,No prior SARS-CoV-2 infection,7-13,769212,769368,12451.726214921287,12456.845995893224,138,24,0.011082800699121568,0.0015252657058025703,0.1376245722729151,0.14,(0.08-0.22),0.14 (0.08-0.22),"138 / 12,452","24 / 12,457"
moderna,noncoviddeath,prior_covid_infection-FALSE,prior_covid_infection,FALSE,mRNA-1273,Non-COVID-19 death,No prior SARS-CoV-2 infection,Prior SARS-CoV-2 infection,No prior SARS-CoV-2 infection,14-27,520716,521136,11484.459958932239,11505.429158110883,198,30,0.016892392040525433,0.0026074646662659394,0.15435733790753503,0.15,(0.10-0.23),0.15 (0.10-0.23),"198 / 11,484","30 / 11,505"
moderna,noncoviddeath,prior_covid_infection-FALSE,prior_covid_infection,FALSE,mRNA-1273,Non-COVID-19 death,No prior SARS-CoV-2 infection,Prior SARS-CoV-2 infection,No prior SARS-CoV-2 infection,28-41,132612,133176,2677.4674880219027,2694.5407255304585,78,18,0.02913200640117798,0.004824569870785963,0.16561062785537756,0.17,(0.08-0.30),0.17 (0.08-0.30),"78 /  2,677","18 /  2,695"
moderna,noncoviddeath,prior_covid_infection-FALSE,prior_covid_infection,FALSE,mRNA-1273,Non-COVID-19 death,No prior SARS-CoV-2 infection,Prior SARS-CoV-2 infection,No prior SARS-CoV-2 infection,42-69,24342,24636,376.1697467488022,383.04722792607805,30,6,0.06911773268508545,0.002610644137576121,0.037770974772432866,0.04,(0.00-0.23),0.04 (0.00-0.23),30 /    376,6 /    383
moderna,noncoviddeath,prior_covid_infection-FALSE,prior_covid_infection,FALSE,mRNA-1273,Non-COVID-19 death,No prior SARS-CoV-2 infection,Prior SARS-CoV-2 infection,No prior SARS-CoV-2 infection,All,1149750,1149750,45911.61122518823,45962.12183436003,606,90,0.013090370474087756,0.001914620049899733,0.14626171609808158,0.15,(0.12-0.18),0.15 (0.12-0.18),"606 / 45,912","90 / 45,962"
moderna,noncoviddeath,prior_covid_infection-TRUE,prior_covid_infection,TRUE,mRNA-1273,Non-COVID-19 death,Prior SARS-CoV-2 infection,Prior SARS-CoV-2 infection,Prior SARS-CoV-2 infection,0-6,107622,107622,1786.6228610540725,1786.406570841889,6,6,0.0033582912940339953,0.0016793489505505875,0.5000605377901408,0.5,(0.08-2.34),0.50 (0.08-2.34),"6 /  1,787","6 /  1,786"
moderna,noncoviddeath,prior_covid_infection-TRUE,prior_covid_infection,TRUE,mRNA-1273,Non-COVID-19 death,Prior SARS-CoV-2 infection,Prior SARS-CoV-2 infection,Prior SARS-CoV-2 infection,7-13,73746,73740,1217.2265571526352,1217.1060917180014,6,6,0.003286158995213589,8.216210622924859e-4,0.25002474423459337,0.25,(0.01-2.53),0.25 (0.01-2.53),"6 /  1,217","6 /  1,217"
moderna,noncoviddeath,prior_covid_infection-TRUE,prior_covid_infection,TRUE,mRNA-1273,Non-COVID-19 death,Prior SARS-CoV-2 infection,Prior SARS-CoV-2 infection,Prior SARS-CoV-2 infection,14-27,52512,52512,1112.5092402464065,1113.141683778234,18,6,0.011685296202232591,8.98358236487733e-4,0.0768793722418515,0.08,(0.00-0.51),0.08 (0.00-0.51),"18 /  1,113","6 /  1,113"
moderna,noncoviddeath,prior_covid_infection-TRUE,prior_covid_infection,TRUE,mRNA-1273,Non-COVID-19 death,Prior SARS-CoV-2 infection,Prior SARS-CoV-2 infection,Prior SARS-CoV-2 infection,28-41,12102,12120,234.17659137577002,234.88843258042436,6,0,0.012810844937041843,0,0,0,(NA-2.41),0.00 (NA-2.41),6 /    234,0 /    235
moderna,noncoviddeath,prior_covid_infection-TRUE,prior_covid_infection,TRUE,mRNA-1273,Non-COVID-19 death,Prior SARS-CoV-2 infection,Prior SARS-CoV-2 infection,Prior SARS-CoV-2 infection,42-69,1890,1908,25.560574948665298,25.76865160848734,6,0,0.03912275064267352,0,0,0,(NA-38.69),0.00 (NA-38.69),6 /     26,0 /     26
moderna,noncoviddeath,prior_covid_infection-TRUE,prior_covid_infection,TRUE,mRNA-1273,Non-COVID-19 death,Prior SARS-CoV-2 infection,Prior SARS-CoV-2 infection,Prior SARS-CoV-2 infection,All,107622,107622,4376.09582477755,4377.3114305270365,30,6,0.00616988317466117,0.0011422536594335923,0.18513375814386002,0.19,(0.06-0.49),0.19 (0.06-0.49),"30 /  4,376","6 /  4,377"
